country,country_long,currency,capital_city,region,continent,demonym,latitude,longitude,agricultural_land,forest_area,land_area,rural_land,urban_land,central_government_debt_pct_gdp,expense_pct_gdp,gdp,inflation,self_employed_pct,tax_revenue_pct_gdp,unemployment_pct,vulnerable_employment_pct,electricity_access_pct,alternative_nuclear_energy_pct,electricty_production_coal_pct,electricty_production_hydroelectric_pct,electricty_production_gas_pct,electricty_production_nuclear_pct,electricty_production_oil_pct,electricty_production_renewable_pct,energy_imports_pct,fossil_energy_consumption_pct,renewable_energy_consumption_pct,co2_emissions,methane_emissions,nitrous_oxide_emissions,greenhouse_other_emissions,urban_population_under_5m,health_expenditure_pct_gdp,health_expenditure_capita,hospital_beds,hiv_incidence,suicide_rate,armed_forces,internally_displaced_persons,military_expenditure_pct_gdp,birth_rate,death_rate,fertility_rate,internet_pct,life_expectancy,net_migration,population_female,population_male,population,women_parliament_seats_pct,rural_population,urban_population,press,democracy_score,democracy_type,median_age,political_leader,title
Afghanistan,Islamic State of Afghanistan,Afghan afghani,Kabul,Southern Asia,Asia,Afghan,33.0,65.0,383560.0,12084.4,652230.0,636173.0,3993.84,,39.2201,14583100000.0,2.30237,84.3339,9.89845,11.71,82.6907,97.7,,,,,,,,,,17.86,8709.47,16222.0,4863.39,-1800.0,0.0,16.8261,81.3198,0.39,0.04,4.1,278000.0,4394000,1.35886,35.842,7.344,4.643,18.4,62.0,-183672,20362329,20766442,41128771,27.0161,30181937,10946834,2.14,2.97,Authoritarian,12.9,Ashraf Ghani,President
Albania,Republic of Albania,Albanian lek,Tirana,Southern Europe,Europe,Albanian,41.0,20.0,11655.5,7889.0,27400.0,27331.6,827.694,82.3836,24.5363,18882100000.0,6.7252,53.0455,18.1986,11.808,50.0624,100.0,24.548,0.0,100.0,0.0,0.0,0.0,0.0,13.798,61.4218,44.58,4383.2,2692.2,1015.19,11.6814,6.36726,6.65959,350.835,2.89,0.03,4.3,8000.0,,1.41564,10.24,11.325,1.39,79.32,76.0,-10612,1391085,1384548,2775634,35.7143,1004807,1770827,2.62,5.98,Hybrid regime,33.7,Edi Rama,Prime Minister
Algeria,People's Democratic Republic of Algeria,Algerian dinar,Algiers,Northern Africa,Africa,Algerian,28.0,3.0,413588.0,19490.0,2381740.0,2305480.0,9357.1,,,191913000000.0,9.26552,30.5259,,11.55,26.0712,99.7878,0.030106,0.0,0.210762,98.3575,0.0,1.31981,0.111922,-177.124,99.9779,0.15,161563.0,86543.9,12578.7,-7720.56,1.12475,6.32118,214.852,1.9,0.04,2.5,317000.0,2500,5.59258,21.524,4.546,2.889,70.77,76.0,-18797,22040987,22862237,44903225,8.10811,11328186,33575039,1.71,3.5,Authoritarian,24.0,Abdelmadjid Tebboune,President
Andorra,Principality of Andorra,Euro,Andorra la Vella,Southern Europe,Europe,Andorran,42.5,1.5,187.2,160.0,470.0,409.497,30.9358,,,3352030000.0,,,,,,100.0,,,,,,,,,,20.59,448.884,53.601,1.75881,,0.0,9.05176,3336.92,2.5,,,,,,7.0,3.9,1.27,93.8975,,1377,39038,40786,79824,46.4286,9730,70094,3.17,0.0,Unknown,38.9,Xavier Espot Zamora,Head of Government
Angola,People's Republic of Angola,Angolan kwanza,Luanda,Middle Africa,Africa,Angolan,-12.5,18.5,569525.0,666074.0,1246700.0,1251000.0,2991.35,,16.685,106714000000.0,25.7543,65.8522,10.0904,10.209,61.3252,48.2239,2.54884,0.0,53.1749,0.0,0.0,46.8251,0.0,-540.997,48.3056,61.02,19814.5,32703.2,17757.9,5203.07,1.22031,2.91183,50.7426,0.8,0.52,6.1,117000.0,,1.13206,38.809,8.009,5.304,32.6023,62.0,29089,17998220,17590767,35588987,33.6364,11359649,24229338,2.24,3.62,Authoritarian,12.4,João Lourenço,President
Antigua and Barbuda,Antigua and Barbuda,East Caribbean dollar,Saint John's,Caribbean,Americas,Antiguan,17.05,-61.8,90.0,81.2,440.0,396.335,31.8633,,,1757600000.0,7.53108,,,,,100.0,,,,,,,,,0.0,0.72,474.6,204.866,11.7635,471.237,3.97656,5.61473,830.34,2.89,,0.4,0.0,,,12.115,6.365,1.58,95.6634,78.0,0,48981,44782,93763,11.1111,70935,22828,0.0,0.0,Unknown,31.1,Gaston Browne,Prime Minister
Argentina,Argentine Republic,Argentine peso,Buenos Aires,South America,Americas,Argentine,-34.0,-64.0,1083820.0,285730.0,2736690.0,2735390.0,11432.7,,22.8656,632770000000.0,,28.6018,11.4844,6.491,25.4633,100.0,5.5015,2.02957,26.2416,49.4823,4.16673,15.4232,1.89849,13.0294,87.7224,9.84,154536.0,131036.0,51061.5,3701.73,0.896205,9.98438,863.714,4.99,0.11,8.4,103000.0,,0.565318,13.902,8.955,1.885,87.1507,75.0,2344,23345532,22889298,46234830,44.7471,3538352,42696478,2.76,7.02,Flawed democracy,27.6,Alberto Fernández,President
Armenia,Republic of Armenia,Armenian dram,Yerevan,Western Asia,Asia,Armenian,40.0,45.0,16760.0,3284.7,28470.0,27342.2,922.335,60.1562,25.0,19502800000.0,8.64091,30.5691,22.0288,12.557,29.0658,100.0,25.7183,0.0,28.2857,35.9149,31.8065,0.0,0.0512886,71.3413,74.5619,8.38,6746.6,2319.92,1173.58,722.155,0.0,12.241,551.543,4.2,,3.3,49000.0,8400,4.44012,12.049,13.007,1.575,78.6123,72.0,-12825,1530390,1250079,2780469,35.514,1012841,1767628,2.7,4.79,Hybrid regime,30.8,Nikol Pashinyan,Prime Minister
Australia,Commonwealth of Australia,Australian dollar,Canberra,Australia and New Zealand,Oceania,Australian,-27.0,133.0,3557750.0,1340050.0,7692020.0,7650420.0,11946.0,70.1764,32.7189,1675420000000.0,6.5941,16.6016,23.1275,3.661,10.7567,100.0,2.15439,62.8716,5.29618,20.7955,0.0,2.69506,8.34166,-190.191,89.6256,10.89,378997.0,131485.0,49331.8,-17268.7,2.70968,10.649,5901.11,3.84,0.02,12.5,59000.0,,1.97842,12.1,6.7,1.7,96.24,83.0,117929,13079142,12899794,25978935,38.4106,3510274,22468661,4.73,9.09,Full democracy,33.3,Anthony Albanese,Prime Minister
Austria,Republic of Austria,Euro,Vienna,Western Europe,Europe,Austrian,47.33333333,13.33333333,26467.6,38991.5,82520.0,80030.9,2973.71,94.321,49.9715,471400000000.0,8.54687,11.7563,25.783,4.707,7.48276,100.0,12.2129,8.22661,59.9971,12.6014,0.0,1.39404,16.4937,63.5449,65.6618,35.77,59142.4,6863.08,3759.74,-8604.11,0.0,12.1736,6491.12,7.27,,14.6,22000.0,,0.802122,9.6,10.3,1.48,92.5292,81.0,20314,4590655,4451873,9042528,40.9836,3684288,5358240,5.1,8.29,Full democracy,39.0,Sebastian Kurz,Federal Chancellor
Azerbaijan,Republic of Azerbaijan,New Azeri manat,Baku,Western Asia,Asia,Azerbaijani,40.5,47.5,47801.0,11317.7,82646.0,82218.7,2589.86,16.8224,27.1444,78721100000.0,13.8523,66.2843,13.4213,5.462,54.4642,100.0,0.572046,0.0,6.63075,86.0823,0.0,6.50924,0.409106,-310.385,98.366,1.23,34305.0,15733.1,4793.55,-514.235,0.0,4.60677,191.227,4.82,0.03,4.1,82000.0,659000,5.27006,11.1,7.6,1.52,86.0,69.0,1084,5154492,5020523,10175016,18.3333,4357959,5817057,1.32,2.65,Authoritarian,27.9,Ilham Aliyev,President
Bahrain,Kingdom of Bahrain,Bahraini dinar,Manama,Western Asia,Asia,Bahraini,26.0,50.55,86.0,7.0,785.0,335.707,330.292,29.3986,20.1761,44390800000.0,3.62574,2.61064,4.21684,1.399,1.04828,100.0,0.0,0.0,0.0,99.9684,0.0,0.0315967,0.0,-61.5843,99.3658,0.0,32470.2,17641.4,171.638,8391.62,31.9817,4.723,1110.0,1.74,0.05,8.9,19000.0,,3.55826,11.926,2.479,1.811,100.0,79.0,-9150,560034,912199,1472233,20.0,151007,1321226,1.28,2.71,Authoritarian,29.2,Sheikh Hamad bin Isa Al Khalifa,King
Bangladesh,People's Republic of Bangladesh,Bangladeshi taka,Dhaka,Southern Asia,Asia,Bangladeshi,24.0,90.0,99010.0,18834.0,130170.0,79328.9,56970.0,31.2045,8.32425,460201000000.0,7.69695,59.0319,7.64236,4.699,53.6738,98.991,0.1535,1.68952,0.959143,80.7036,0.0,16.38,0.267747,16.8417,73.7689,27.96,85493.1,88904.0,28076.8,1513.77,6.06484,2.62801,50.6641,0.79,0.01,3.7,227000.0,427000,1.26978,17.821,5.68,1.981,38.9174,72.0,-174500,86327159,84859213,171186372,20.8571,103206552,67979820,1.54,5.57,Hybrid regime,22.7,Sheikh Hasina,Prime Minister
Barbados,Barbados,Barbados dollar,Bridgetown,Caribbean,Americas,Barbadian,13.16666666,-59.53333333,100.0,63.0,430.0,248.527,187.588,146.927,33.805,5637910000.0,4.10029,19.2192,27.4785,8.203,18.7074,100.0,,,,,,,,,0.0,4.68,1096.07,2359.57,38.4787,-101.447,1.84675,7.20014,1199.71,5.97,0.24,0.6,1000.0,,,10.832,9.007,1.633,85.82,78.0,-28,146550,135084,281635,26.6667,193416,88219,0.0,0.0,Unknown,35.2,Mia Mottley,Prime Minister
Belarus,Republic of Belarus,Belarusian rubel,Minsk,Eastern Europe,Europe,Belarusian,53.0,28.0,82810.0,87676.0,202980.0,201456.0,2882.6,33.2442,29.9281,72793500000.0,15.2097,3.77292,12.0229,4.17,2.94508,100.0,0.0539211,0.0,0.313949,97.8669,0.0,1.06214,0.501731,86.7797,92.4404,8.39,54801.5,17079.3,15902.5,-7365.67,0.0,6.40607,408.095,10.83,0.12,21.2,155000.0,,1.15581,9.283,16.544,1.483,86.89,72.0,12961,4968656,4240046,9208701,40.0,1811720,7396981,1.51,3.13,Authoritarian,36.5,Alexander Lukashenko,President
Belgium,Kingdom of Belgium,Euro,Brussels,Western Europe,Europe,Belgian,50.83333333,4.0,13646.1,6893.0,30280.0,22780.5,7730.88,109.224,41.6988,578604000000.0,9.59751,14.0149,23.3495,5.631,10.7014,100.0,15.1103,6.10801,0.457238,32.8061,37.5324,0.300512,20.3428,80.0918,75.8708,12.28,85364.1,7974.09,4564.2,2697.19,4.23288,11.0645,5009.46,5.58,,18.3,26000.0,,1.08181,10.2,9.7,1.6,92.79,82.0,52356,5903468,5765978,11669446,42.6667,215535,11453911,6.48,7.78,Flawed democracy,37.1,Sophie Wilmès,Prime Minister
Belize,Belize,Belize dollar,Belmopan,Central America,Americas,Belizean,17.25,-88.75,1720.0,12770.5,22810.0,21708.4,122.9,61.0377,22.1486,2824080000.0,3.23564,35.8871,21.1602,9.687,30.9492,97.6921,,,,,,,,,0.0,31.35,687.6,514.045,205.409,-344.105,28.4692,6.92426,277.99,1.04,0.42,7.1,2000.0,,1.25358,17.976,6.353,2.01,61.9942,70.0,577,201525,203747,405272,12.5,217242,188030,2.84,0.0,Unknown,21.6,Dean Barrow,Prime Minister
Benin,Republic of Benin,West African CFA franc,Porto-Novo,Western Africa,Africa,Beninese,9.5,2.25,39500.0,31351.5,112760.0,113691.0,2005.91,,,17401700000.0,1.35078,89.8314,10.7891,1.654,88.4052,41.9736,0.0,0.0,4.09357,0.0,0.0,94.4444,1.46199,46.5907,36.7246,46.2,7980.4,4029.62,3007.64,1486.29,6.0032,2.58937,32.1271,0.5,0.14,7.8,12000.0,1200,0.560621,36.608,9.434,4.973,33.9653,60.0,1732,6663569,6689295,13352864,7.40741,6738656,6614208,2.46,5.74,Hybrid regime,13.6,Patrice Talon,President
Bhutan,Kingdom of Bhutan,Bhutanese ngultrum,Thimphu,Southern Asia,Asia,Bhutanese,27.5,90.5,5130.0,27250.8,38140.0,39040.7,28.6028,117.33,25.4473,2539550000.0,5.63917,73.0567,12.9842,3.604,72.9568,100.0,,,,,,,,,0.0,87.45,1035.2,451.524,97.2654,-422.1,0.0,4.37175,133.703,1.74,0.1,4.6,6000.0,,,12.482,6.477,1.413,85.6369,72.0,291,368525,413930,782455,17.3913,440632,341823,2.62,5.3,Hybrid regime,24.8,Lotay Tshering,Prime Minister
Bolivia,Plurinational State of Bolivia,Bolivian Boliviano,Sucre,South America,Americas,Bolivian,-17.0,-65.0,377870.0,508338.0,1083300.0,1059510.0,1767.52,68.3399,21.811,43068900000.0,1.74633,69.116,16.9649,4.419,66.0231,98.5562,1.97498,0.0,28.8813,66.3462,0.0,2.25141,2.52111,-177.986,84.1533,16.86,18375.3,26597.8,9838.14,2436.27,0.0,7.85706,241.118,1.29,0.13,6.2,71000.0,31,1.54446,21.836,9.945,2.618,65.9774,64.0,-4666,6097747,6126364,12224110,46.1538,3565773,8658337,2.21,5.7,Hybrid regime,20.1,Jeanine Áñez,President
Bosnia and Herzegovina,Bosnia and Herzegovina,Bosnia and Herzegovina convertible mark,Sarajevo,Southern Europe,Europe,Bosnian,44.0,18.0,22160.0,21879.1,51200.0,49134.7,1641.93,47.0208,34.893,24527500000.0,14.0208,17.9751,19.1168,14.053,12.2629,100.0,4.27387,63.9772,35.5173,0.191951,0.0,0.31352,0.0,22.7301,77.522,37.71,20946.8,3660.95,1283.7,-3144.12,0.0,9.84113,591.406,3.49,,10.9,11000.0,91000,0.894938,8.42,15.712,1.35,75.6762,75.0,-25865,1641713,1591814,3233526,16.6667,1621904,1611622,2.69,4.98,Hybrid regime,38.1,Valentin Inzko,High Representative
Botswana,Republic of Botswana,Botswana pula,Gaborone,Southern Africa,Africa,Motswana,-22.0,24.0,258620.0,152547.0,566730.0,572887.0,804.346,19.6161,28.4093,20352300000.0,11.6656,28.2706,22.246,20.684,26.0135,73.7259,0.00316581,96.36,0.0,0.0,0.0,3.60634,0.0337041,44.5,74.688,27.21,5763.69,3434.49,2963.63,841.571,0.0,6.18665,362.735,1.8,3.48,16.1,9000.0,,2.85964,23.576,9.461,2.791,73.5,61.0,1816,1331489,1298807,2630296,11.1111,730591,1899705,3.12,7.81,Flawed democracy,19.7,Mokgweetsi Masisi,President
Brazil,Federative Republic of Brazil,Brazilian real,Brasília,South America,Americas,Brazilian,-10.0,-55.0,2368790.0,4966200.0,8358140.0,8385500.0,45853.3,86.095,32.1991,1920100000000.0,9.28011,35.0868,14.3168,9.461,30.6823,99.4621,10.8091,4.72241,61.8485,13.6662,2.60357,5.04425,12.1184,11.8701,59.1075,50.05,414139.0,449214.0,191103.0,-12454.9,1.74176,10.3129,700.713,2.09,0.24,6.9,762000.0,5600,1.19081,12.883,8.326,1.641,80.69,73.0,20376,109580471,105733027,215313498,17.7388,26795765,188517733,2.38,6.97,Flawed democracy,29.2,Jair Bolsonaro,President
Brunei,Brunei Darussalam,Brunei dollar,Bandar Seri Begawan,South-Eastern Asia,Asia,Bruneian,4.5,114.66666666,134.0,3800.0,5270.0,5571.88,199.172,,,16681500000.0,3.68225,9.0859,,7.203,6.54967,100.0,0.00483967,0.0,0.0,98.9524,0.0,1.0,0.047619,-357.394,99.9952,0.01,9588.0,1538.87,137.896,-902.126,13.9375,2.39378,650.478,2.85,,2.7,8000.0,,3.26223,13.8,5.211,1.778,98.08,75.0,-192,216797,232205,449002,9.09091,94946,354056,1.52,0.0,Unknown,28.2,Hassanal Bolkiah,Sultan and Prime Minister
Bulgaria,Republic of Bulgaria,Bulgarian lev,Sofia,Eastern Europe,Europe,Bulgarian,43.0,25.0,50470.0,38930.0,108560.0,108914.0,2109.34,32.8099,36.3698,89040400000.0,15.3253,10.4751,20.6213,4.402,7.02222,99.8,25.8257,46.2066,11.6142,3.82422,33.8121,0.373395,6.37438,36.5508,71.0459,21.08,34138.1,6980.5,4328.73,-7702.91,1.18594,8.52064,856.705,7.45,0.03,9.7,37000.0,,1.59489,8.5,21.7,1.58,75.2714,72.0,-8716,3329964,3135133,6465097,24.1667,1528155,4936942,2.23,7.03,Flawed democracy,40.7,Boyko Borisov,Prime Minister
Burkina Faso,Burkina Faso,West African CFA franc,Ouagadougou,Western Africa,Africa,Burkinabe,13.0,-2.0,121430.0,62164.0,273600.0,273918.0,1599.3,55.4693,18.1435,18884600000.0,14.2902,87.0917,15.9065,5.175,86.46,18.9507,,,,,,,,,,68.0,5456.7,15408.3,10060.7,2087.93,0.0,6.71933,54.177,0.4,0.08,7.5,11000.0,1882000,2.89113,35.541,8.958,4.772,21.5798,59.0,-13097,11374607,11299155,22673762,16.9014,15446047,7227715,3.19,4.75,Hybrid regime,12.9,Roch Marc Christian Kaboré,President
Burundi,Republic of Burundi,Burundi franc,Bujumbura,Eastern Africa,Africa,Burundian,-3.5,30.0,20330.0,2796.4,25680.0,24150.6,887.842,162.561,20.6476,3073410000.0,18.8009,88.1857,13.5974,1.02,86.9217,10.2338,,,,,,,,,,83.25,713.466,1258.19,1636.39,-293.618,0.0,6.50142,16.4202,0.79,0.14,6.2,51000.0,8500,1.9228,34.842,7.474,5.078,5.80492,62.0,-14415,6488650,6400926,12889576,38.2114,11031286,1858290,1.48,2.33,Authoritarian,11.9,Pierre Nkurunziza,President
Cabo Verde,Republic of Cabo Verde,Cabo Verde escudo,Praia,Western Africa,Africa,Cape Verdian,16.0,-24.0,790.0,457.2,4030.0,4043.85,59.5543,,25.194,2314820000.0,1.86215,31.2644,17.8036,13.57,27.0558,95.5214,,,,,,,,,0.0,23.24,620.6,93.2076,59.4756,460.313,1.01686,6.01976,176.024,2.1,0.24,12.9,1000.0,,0.535772,16.951,6.028,1.896,69.7623,74.0,-1274,298239,294911,593149,38.8889,192507,400642,3.95,7.88,Flawed democracy,22.9,,
Cambodia,Kingdom of Cambodia,Cambodian riel,Phnom Penh,South-Eastern Asia,Asia,Cambodian,13.0,105.0,57890.0,80683.7,176520.0,176181.0,1838.75,,18.448,29956800000.0,5.3437,47.1662,16.3649,0.361,47.0458,82.5017,3.31927,48.3966,45.4856,0.0,0.0,5.18535,0.932454,33.1163,30.6291,51.41,18652.8,17836.4,4784.59,3983.04,0.687841,7.50527,115.765,0.9,0.07,4.9,191000.0,,2.31636,19.334,6.838,2.344,60.1524,70.0,-24262,8468316,8299527,16767842,20.8,12556766,4211076,1.7,3.59,Authoritarian,22.7,Hun Sen,Prime Minister
Cameroon,Republic of Cameroon,Central African CFA franc,Yaoundé,Middle Africa,Africa,Cameroonian,6.0,12.0,97500.0,203405.0,472710.0,463837.0,2352.11,79.4577,12.0603,44341600000.0,6.24768,75.236,10.8706,4.001,72.3258,65.4467,4.60076,0.0,74.9926,5.9929,0.0,17.8899,1.12459,-28.3198,38.3179,78.94,9928.4,17797.7,62399.5,1385.67,1.91662,3.76583,58.0053,1.3,0.56,9.0,34000.0,987000,1.02409,34.938,8.582,4.463,45.6022,60.0,-9889,13992014,13922522,27914536,33.8889,11519492,16395044,1.81,3.28,Authoritarian,13.6,Paul Biya,President
Canada,Canada,Canadian dollar,Ottawa,Northern America,Americas,Canadian,60.0,-95.0,577430.0,3469280.0,8965590.0,9197140.0,13983.1,64.0401,22.7334,2139840000000.0,6.8028,14.341,13.2594,5.209,10.3438,100.0,19.7708,9.83645,56.7442,10.016,15.5466,1.21478,6.26726,-72.5282,74.0891,23.85,516874.0,100143.0,47080.3,-112199.0,0.892721,11.6788,6086.08,2.52,,11.8,72000.0,,1.31515,9.6,7.8,1.43,92.834,83.0,195181,19583244,19346659,38929902,30.4734,7103929,31825973,4.98,9.15,Full democracy,36.4,Justin Trudeau,Prime Minister
Central African Republic,Central African Republic,Central African CFA franc,Bangui,Middle Africa,Africa,Central African,7.0,21.0,50800.0,223030.0,622980.0,622165.0,535.376,,11.6614,2382620000.0,5.58317,94.4614,8.20629,6.363,93.634,15.6803,,,,,,,,,,90.45,236.6,10108.5,10628.6,-203.229,0.0,9.40207,41.9605,1.0,0.58,12.3,10000.0,516000,1.85868,42.68,11.393,5.978,10.5826,54.0,-85860,2790791,2788352,5579144,12.8571,3173417,2405727,1.65,1.52,Authoritarian,10.8,Faustin-Archange Touadéra,President
Chad,Republic of Chad,Central African CFA franc,N'Djamena,Middle Africa,Africa,Chadian,15.0,19.0,502380.0,43130.0,1259200.0,1272920.0,948.824,,,12704100000.0,5.78803,91.9565,,1.412,90.6055,11.2686,,,,,,,,,,73.74,1568.4,59438.9,27724.6,-70.9411,0.0,5.40749,34.8013,0.4,0.21,6.4,45000.0,300000,2.79414,43.357,12.504,6.255,17.8689,53.0,9016,8827313,8896002,17723315,25.8883,13458554,4264761,2.13,1.61,Authoritarian,11.2,Idriss Déby,President
Chile,Republic of Chile,Chilean peso,Santiago,South America,Americas,Chilean,-30.0,-71.0,157100.0,182107.0,743532.0,723594.0,3579.67,13.1456,30.695,301025000000.0,11.6439,27.0258,19.5982,7.784,23.3127,100.0,5.72221,37.1443,31.6779,15.0649,0.0,4.1864,11.9265,65.2365,74.6472,26.73,84827.8,11795.5,6599.43,7591.47,0.65996,9.09628,1478.83,2.06,0.2,9.0,122000.0,,1.96336,11.788,7.426,1.537,90.1934,79.0,113709,9874202,9729531,19603733,35.4839,2369699,17234034,3.05,7.97,Flawed democracy,31.3,Sebastián Piñera,President
China,People's Republic of China,Chinese yuan,Beijing,Eastern Asia,Asia,Chinese,35.0,105.0,5285080.0,2199780.0,9424700.0,8723720.0,522345.0,,,17963200000000.0,1.97358,44.5337,8.09063,4.886,40.5444,100.0,5.10702,70.3094,19.0698,2.48703,2.33929,0.165618,4.857,15.0218,87.6704,14.81,10944700.0,1186290.0,536920.0,-364711.0,4.35331,5.5936,583.432,4.31,,8.1,2535000.0,,1.73634,7.52,7.18,1.164,73.05,78.0,-200194,691528501,720646499,1412175000,24.9412,514596570,897578430,0.99,3.32,Authoritarian,34.5,Xi Jinping,General Secretary of the Communist Party
Colombia,Republic of Colombia,Colombian peso,Bogotá,South America,Americas,Colombian,4.0,-72.0,482428.0,591419.0,1109500.0,1127200.0,5114.56,79.7841,34.9567,343939000000.0,10.1772,50.9077,14.4434,10.726,47.5739,99.9991,9.20354,11.8522,64.9594,19.3431,0.0,0.567976,3.27745,-274.133,76.6857,31.31,79057.6,77156.4,23778.2,11462.4,1.78024,8.99294,477.275,1.71,0.17,3.9,481000.0,4766000,3.40189,14.204,7.735,1.717,73.0284,73.0,211978,26298417,25575607,51874024,28.877,9311387,42562637,1.83,6.96,Flawed democracy,27.2,Iván Duque,President
Comoros,Union of the Comoros,Comorian franc,Moroni,Eastern Africa,Africa,Comoran,-12.16666666,44.25,1310.0,329.2,1861.0,1534.77,142.534,,,1242520000.0,-4.29487,58.7802,,8.811,57.839,87.9426,,,,,,,,,0.0,39.05,328.2,236.818,46.8158,101.578,2.14765,5.34623,80.8244,2.16,0.01,5.4,,,,29.398,8.718,3.978,27.3369,63.0,-1772,416416,420357,836774,16.6667,586880,249894,2.8,3.71,Authoritarian,16.3,Azali Assoumani,President
Congo,Republic of Congo,Central African CFA franc,Brazzaville,Middle Africa,Africa,Congolese,-1.0,15.0,106280.0,219460.0,341500.0,340341.0,420.263,25.4827,19.4679,14615500000.0,3.04344,76.2354,9.10708,21.795,75.2794,49.6572,1.42871,0.0,53.3449,46.6551,0.0,0.0,0.0,-496.598,40.4806,71.88,7153.9,9957.26,1610.02,-1372.3,0.711295,4.46762,80.8084,1.6,2.39,6.5,0.0,27000,2.91271,30.691,7.063,4.171,8.65,64.0,-4466,2988624,2981800,5970424,14.5695,1866593,4103831,2.17,3.31,Authoritarian,14.3,Denis Sassou Nguesso,President
Costa Rica,Republic of Costa Rica,Costa Rican colon,San José,Central America,Americas,Costa Rican,10.0,-84.0,17615.0,30348.7,51060.0,49804.7,1475.94,39.3351,30.2224,68380800000.0,8.27477,26.16,14.0738,11.453,22.9493,100.0,14.2087,0.0,74.6115,0.0,0.0,0.99889,24.3896,49.8342,49.8803,36.43,6967.4,4650.44,1875.8,441.11,0.964491,7.85537,953.083,1.1,0.21,8.1,10000.0,,,11.873,7.192,1.533,82.75,77.0,2084,2590119,2590709,5180829,47.3684,930373,4250456,6.39,8.07,Full democracy,29.3,Carlos Alvarado Quesada,President
Côte d'Ivoire,Republic of Côte d'Ivoire,West African CFA franc,Yamoussoukro,Western Africa,Africa,Ivorian,8.0,-5.0,212000.0,28367.1,318000.0,318024.0,2981.96,171.065,16.6017,70018700000.0,5.27617,72.5864,12.5591,2.637,71.0193,71.1368,0.794777,0.0,15.5206,78.0507,0.0,5.22328,1.20537,7.07754,26.4923,63.34,10894.9,7980.37,3544.21,2083.51,2.7198,3.72246,85.1743,0.4,0.21,8.9,134000.0,302000,1.25148,33.934,9.001,4.418,45.4255,59.0,-21000,13944972,14215570,28160542,14.1732,13330919,14829623,2.65,4.15,Hybrid regime,13.8,Alassane Ouattara,President
Croatia,Republic of Croatia,Croatian kuna,Zagreb,Southern Europe,Europe,Croatian,45.16666666,15.5,15050.0,19391.1,55960.0,54777.1,1648.41,687.994,310.443,70964600000.0,10.7806,12.8363,152.18,6.746,7.32646,100.0,11.9438,20.5553,56.8695,10.6514,0.0,1.96654,9.95729,45.8597,70.7037,32.37,15626.9,3668.68,1773.06,-2048.19,2.44113,7.76502,1094.53,5.54,0.02,16.4,18000.0,2100,2.73557,9.4,16.2,1.62,81.254,76.0,-10402,1976858,1877142,3854000,31.7881,1610240,2243760,2.69,6.57,Flawed democracy,40.0,Andrej Plenković,Prime Minister
Cuba,Republic of Cuba,Cuban peso,Havana,Caribbean,Americas,Cuban,21.5,-80.0,64010.0,32420.0,103800.0,106665.0,3053.18,,,107352000000.0,,27.0058,,1.386,21.7157,100.0,0.0853967,0.0,0.236593,14.5406,0.0,45.9681,3.71155,49.7782,85.5964,23.93,24327.8,10377.3,3195.03,-1459.12,1.54682,12.4864,1186.16,5.33,0.17,14.5,76000.0,,2.87621,8.922,14.652,1.442,71.1191,74.0,-7068,5649497,5562694,11212191,53.413,2533843,8678348,1.23,3.0,Authoritarian,37.2,Raúl Castro,First Secretary of the Communist Party
Cyprus,Republic of Cyprus,Euro,Nicosia,Southern Europe,Europe,Cypriot,35.0,33.0,1341.29,1725.3,9240.0,8747.63,518.98,91.6683,41.2237,28439100000.0,8.39548,12.1175,24.1123,6.976,10.2834,100.0,5.22696,0.0,0.0,0.0,0.0,91.2199,8.78006,94.0267,92.9062,15.02,6771.8,749.703,371.658,577.573,2.56515,8.09348,2245.36,3.4,0.04,3.6,16000.0,246000,1.98681,10.313,7.257,1.321,90.7595,81.0,1995,624713,626775,1251488,14.2857,414105,837383,3.6,7.59,Flawed democracy,34.1,Nicos Anastasiades,President
Czech Republic,Czech Republic,Czech koruna,Prague,Eastern Europe,Europe,Czech,49.75,15.5,35238.7,26770.9,77198.5,73926.2,4023.4,14.0964,38.0504,290924000000.0,15.1002,15.8991,13.361,2.37,13.1283,100.0,18.9566,53.0611,2.1727,2.74039,32.4889,0.113779,9.23187,31.6237,77.7346,16.97,88835.2,12381.6,4755.49,-5775.43,0.0,9.24007,2119.85,6.62,,12.2,25000.0,,1.43409,10.6,13.3,1.83,82.6706,77.0,3621,5340795,5185278,10526073,25.5,2697096,7828977,3.14,7.69,Flawed democracy,38.8,Andrej Babiš,Prime Minister
Dem. People's Rep. Korea,Democratic People's Republic of Korea,Democratic People's Republic of Korean won,Pyongyang,Eastern Asia,Asia,North Korean,40.0,127.0,25900.0,60300.9,120410.0,119025.0,2678.34,,,,,86.6006,,2.962,85.0432,52.6306,7.01145,21.2856,72.7961,0.0,0.0,5.91832,0.0,-74.7524,62.052,12.7,52437.2,18145.5,2590.05,-26188.7,3.38561,,,13.2,,9.4,1469000.0,,,13.24,9.313,1.809,0.0,73.0,-1589,13164298,12905119,26069416,17.6128,9667582,16401834,0.94,1.08,Authoritarian,31.9,Kim Jong-un,Chairman of the Workers Party of Korea
Dem. Rep. Congo,Democratic Republic of the Congo,Congolese franc,Kinshasa,Middle Africa,Africa,Congolese,0.0,25.0,335720.0,1261550.0,2267050.0,2295900.0,7232.35,152.187,11.4983,58066000000.0,2.88585,80.6942,10.7041,4.987,78.1651,20.7682,2.35995,0.0,99.7092,0.0447327,0.0,0.134198,0.111832,1.95927,5.35581,96.16,3025.6,35684.2,14960.6,-2774.77,0.0036355,4.05093,21.2539,0.8,0.18,6.7,134000.0,5686000,0.561686,42.049,9.7,6.156,22.9016,59.0,-64643,49892177,49118035,99010212,12.8,52636799,46373413,1.51,1.49,Authoritarian,11.7,Félix Tshisekedi,President
Denmark,Kingdom of Denmark,Danish krone,Copenhagen,Northern Europe,Europe,Danish,56.0,10.0,26199.9,6284.4,40000.0,40365.6,2235.49,75.2616,37.8099,395404000000.0,7.69657,8.93649,35.4556,4.172,5.26052,100.0,11.7489,24.5449,0.0621826,6.27353,0.0,1.08129,65.4437,1.775,64.9271,39.7,27356.5,7778.77,5492.83,-1927.65,8.64749,10.8463,7375.15,2.6,0.02,10.7,15000.0,,1.37159,10.8,9.8,1.72,98.8659,81.0,22746,2966194,2936844,5903037,43.5754,686700,5216337,7.92,9.22,Full democracy,37.2,Mette Frederiksen,Prime Minister
Djibouti,Republic of Djibouti,Djibouti franc,Djibouti,Eastern Africa,Africa,Djibouti,11.5,43.0,17020.0,58.0,23180.0,21571.8,51.2502,,,3515110000.0,5.17981,51.4098,,27.929,47.0314,65.4413,,,,,,,,,0.0,30.94,427.7,659.923,259.183,-988.851,8.60944,2.00786,62.8094,1.4,0.13,9.6,13000.0,,3.68807,22.205,9.147,2.804,68.8632,62.0,742,564584,556264,1120849,26.1538,242328,878521,1.1,2.87,Authoritarian,20.0,Ismaïl Omar Guelleh,President
Dominica,Commonwealth of Dominica,East Caribbean dollar,Roseau,Caribbean,Americas,Dominican,15.41666666,-61.33333333,250.0,478.7,750.0,735.839,20.9994,,,612048000.0,-0.727116,,,,,100.0,,,,,,,,,0.0,8.34,162.8,43.8723,20.5276,4.23346,6.95788,5.64583,426.664,3.8,,,,,,13.326,8.986,1.595,80.933,73.0,57,36577,36161,72737,34.375,20585,52152,0.0,0.0,Unknown,28.1,Roosevelt Skerrit,Prime Minister
Dominican Republic,Dominican Republic,Dominican peso,Santo Domingo,Caribbean,Americas,Dominican,19.0,-70.66666666,24290.0,21441.0,48310.0,45389.6,2504.49,16.4168,17.8061,113642000000.0,8.81109,41.9041,14.3774,7.121,38.8807,98.1,2.34366,12.8569,6.36615,22.0296,0.0,53.4811,5.26629,86.7171,86.5636,16.69,22881.3,9243.11,3395.51,2133.26,1.38305,4.94,354.095,1.56,0.39,4.9,71000.0,,0.650563,18.432,6.678,2.273,85.243,73.0,-14966,5594560,5634261,11228821,27.8947,1813679,9415142,2.8,6.54,Flawed democracy,23.4,Danilo Medina,President
Ecuador,Republic of Ecuador,U.S. dollar,Quito,South America,Americas,Ecuadorean,-2.0,-77.5,54200.0,124978.0,248360.0,253214.0,2293.85,,32.2309,115049000000.0,3.46617,54.8448,12.8574,3.955,52.2387,100.0,6.21358,0.0,50.7007,12.6674,0.0,34.5296,2.10221,-114.712,86.8847,20.1,34431.0,27460.3,5192.81,-335.689,6.35404,8.47677,478.53,1.39,0.11,7.6,42000.0,,2.45571,16.817,6.719,2.026,76.2029,74.0,35894,9016398,8984602,18001000,38.6861,6377754,11623246,2.45,6.27,Flawed democracy,23.9,Lenín Moreno,President
Egypt,Arab Republic of Egypt,Egyptian pound,Cairo,Northern Africa,Africa,Egyptian,27.0,30.0,39710.0,449.8,995450.0,971206.0,18918.0,85.7885,30.2304,476748000000.0,13.8957,27.1192,12.5192,6.959,18.1332,100.0,1.49972,0.0,7.38115,70.7287,0.0,21.012,0.878133,-7.39149,97.9289,6.51,210752.0,64402.9,20471.5,17962.6,13.7509,4.36498,150.907,1.43,,3.0,836000.0,3200,1.30082,22.558,6.327,2.917,72.06,70.0,-32370,54865512,56124592,110990103,27.5804,63300985,47689118,1.38,3.36,Authoritarian,20.1,Abdel Fattah el-Sisi,President
El Salvador,Republic of El Salvador,U.S. dollar,San Salvador,Central America,Americas,Salvadoran,13.83333333,-88.91666666,11957.0,5838.8,20720.0,18676.4,1559.87,65.548,29.0986,32488700000.0,7.19862,37.864,19.4168,3.822,33.982,97.89,6.30929,0.0,22.5914,0.0,0.0,42.1773,35.2313,49.2355,48.4296,23.7,6376.3,3269.5,1015.75,616.234,0.260808,9.85178,385.743,1.2,0.17,6.1,42000.0,52000,1.3749,16.025,8.661,1.803,62.8803,71.0,-27343,3319856,3016535,6336392,27.381,1598862,4737530,2.62,5.96,Hybrid regime,22.8,Nayib Bukele,President
Equatorial Guinea,Republic of Equatorial Guinea,Central African CFA franc,Malabo,Middle Africa,Africa,Equatorial Guinean,2.0,10.0,1885.2,24484.2,28050.0,26898.2,136.734,,10.3127,11813900000.0,4.78672,87.786,5.37157,8.689,79.2595,66.787,,,,,,,,,0.0,5.99,4350.4,4778.32,33.3393,3703.63,4.90213,3.76834,236.62,2.1,3.8,7.9,1000.0,,1.30517,30.498,9.042,4.266,53.9224,61.0,6486,790982,883926,1674908,31.0,435309,1239599,1.34,1.92,Authoritarian,16.8,Teodoro Obiang Nguema Mbasogo,President
Eritrea,State of Eritrea,Eritrean nakfa,Asmara,Eastern Africa,Africa,Eritrean,15.0,39.0,75920.0,10552.6,121041.0,120001.0,331.192,,,2065000000.0,,86.8692,,6.618,85.6159,52.514,0.0211212,0.0,0.0,0.0,0.0,99.5074,0.492611,22.2672,23.1334,80.9,706.4,3732.24,1730.46,35.8599,14.9038,4.0936,23.9813,0.7,0.06,10.9,202000.0,10000,20.8657,28.624,6.729,3.867,21.7304,67.0,-14988,1866154,1817878,3684032,22.0,2113713,1570319,0.97,2.37,Authoritarian,14.5,Isaias Afwerki,President
Estonia,Republic of Estonia,Euro,Tallinn,Northern Europe,Europe,Estonian,59.0,26.0,9850.0,24384.0,42750.0,42656.6,449.972,23.6674,37.7206,38100800000.0,19.3983,10.4672,21.4247,5.851,6.1372,100.0,0.933237,5.32783,0.259192,0.595181,0.0,1.22876,14.1595,-2.70596,13.0562,40.0,7097.52,1097.12,1827.19,-6522.41,1.31773,7.46634,2035.62,4.57,,14.9,7000.0,,2.15551,10.0,14.0,1.61,91.04,77.0,2995,706316,638452,1344768,25.7426,408688,936080,6.37,7.97,Flawed democracy,37.7,Jüri Ratas,Prime Minister
Eswatini,Kingdom of Eswatini,Swazi lilangeni,Lobamba,Southern Africa,Africa,Swazi,-26.5,31.5,12220.0,4975.6,17200.0,17073.2,177.919,,,4854170000.0,2.59802,34.0519,,24.389,32.0574,82.9032,,,,,,,,,0.0,68.77,1147.7,1326.03,423.545,642.428,0.0,6.51153,219.104,2.1,7.65,29.4,3000.0,,1.69802,24.134,11.356,2.839,58.9129,57.0,-4897,605504,596167,1201670,13.5135,906348,295322,1.59,3.03,Authoritarian,17.7,Mswati III,King
Ethiopia,Federal Democratic Republic of Ethiopia,Ethiopian birr,Addis Ababa,Eastern Africa,Africa,Ethiopian,8.0,38.0,384761.0,170685.0,1128570.0,1124620.0,5760.66,31.4488,8.41227,126783000000.0,26.8395,85.6278,6.1963,4.018,85.191,54.1884,1.18367,0.0,92.6895,0.0,0.0,0.0383252,7.2722,5.92631,6.56981,89.52,18098.0,94645.6,53761.3,5071.14,0.0,3.48096,28.6967,0.33,0.12,5.4,138000.0,3852000,0.527828,32.383,6.776,4.159,16.6981,65.0,-1391,61399749,61980175,123379924,41.4894,95420799,27959125,2.23,3.35,Authoritarian,14.7,Abiy Ahmed,Prime Minister
Fiji,Republic of Fiji,Fijian dollar,Suva,Melanesia,Oceania,Fijian,-18.0,175.0,3116.0,11400.2,18270.0,18883.8,117.257,36.6283,34.63,4943250000.0,4.52019,33.1237,15.9067,4.334,31.9567,92.1,,,,,,,,,0.0,29.8,1028.2,443.649,191.233,106.807,3.48603,3.74985,186.364,2.0,0.19,9.0,4000.0,,1.65063,19.345,8.859,2.475,87.66,67.0,-6003,463626,466140,929766,19.6078,388373,541393,2.88,5.85,Hybrid regime,23.0,Frank Bainimarama,Prime Minister
Finland,Republic of Finland,Euro,Helsinki,Northern Europe,Europe,Finnish,64.0,26.0,22700.0,224090.0,303940.0,302766.0,2242.66,58.2474,39.8521,280826000000.0,7.12351,14.7093,20.6553,6.801,10.9335,100.0,25.3513,8.30357,24.4457,7.57322,33.898,0.309051,20.0534,45.3338,40.208,47.49,36329.9,4506.32,5877.06,-4043.96,2.90263,9.6135,4726.14,3.61,,15.3,27000.0,,2.03028,9.0,10.4,1.46,92.8081,82.0,14928,2811103,2745778,5556880,45.5,795690,4761190,9.9,9.14,Full democracy,38.6,Sanna Marin,Prime Minister
France,French Republic,Euro,Paris,Western Europe,Europe,French,46.0,2.0,285538.0,172530.0,547557.0,522936.0,23030.7,116.547,49.9018,2782910000000.0,5.22237,12.4854,23.9683,7.445,7.6875,100.0,49.0615,2.16045,9.66115,3.51273,77.6278,0.382613,6.19652,44.1102,46.488,16.87,267155.0,58451.5,36202.7,996.684,1.26393,12.205,4768.73,5.91,0.09,13.8,304000.0,,1.94538,10.9,9.7,1.83,86.0955,82.0,20614,35105568,32830093,67935660,37.2617,12561983,55373677,3.52,7.8,Flawed democracy,37.9,Emmanuel Macron,President
Gabon,Gabonese Republic,Central African CFA franc,Libreville,Middle Africa,Africa,Gabonese,-1.0,11.75,22126.4,235306.0,257670.0,263338.0,311.6,,13.5419,21071700000.0,4.23125,33.6156,11.4795,21.469,31.1541,91.8064,1.2121,0.0,43.1797,46.0489,0.0,10.207,0.56444,-213.401,22.7865,90.12,5349.2,7451.56,523.122,1095.79,7.88184,3.42725,228.976,6.3,0.8,8.4,7000.0,,1.71004,27.142,7.258,3.491,71.7494,66.0,1516,1173488,1215505,2388992,15.3846,221340,2167652,2.2,3.61,Authoritarian,17.7,Ali Bongo Ondimba,President
Georgia,Georgia,Georgian lari,Tbilisi,Western Asia,Asia,Georgian,42.0,43.5,23779.0,28224.0,69490.0,68068.7,1130.16,55.3844,27.5311,24605400000.0,11.8982,48.1682,21.7308,11.311,46.1771,100.0,15.7464,0.0,78.0393,21.9607,0.0,0.0,0.0,68.7521,72.2095,23.45,10255.0,5133.09,2158.3,1189.59,3.03959,7.60487,320.005,2.89,0.14,9.2,26000.0,308000,1.67322,13.412,15.166,2.081,76.4427,72.0,-2734,1967488,1745015,3712502,19.0476,1473975,2238527,2.7,5.5,Hybrid regime,32.5,Giorgi Gakharia,Prime Minister
Germany,Federal Republic of Germany,Euro,Berlin,Western Europe,Europe,German,51.0,9.0,165950.0,114190.0,349390.0,316383.0,36996.4,20.9306,33.4658,4072190000000.0,6.87257,8.31331,11.2253,2.989,4.42199,100.0,12.8636,44.2628,2.96068,9.83155,14.3199,0.968693,26.2711,61.4002,78.8625,18.6,603350.0,46917.6,33815.1,-16702.2,1.17774,12.8054,6503.36,8.0,0.03,12.3,184000.0,,1.33738,9.6,12.3,1.58,91.4306,81.0,312735,42593197,41486614,84079811,34.9185,18793519,65286292,5.36,8.68,Full democracy,40.9,Olaf Scholz,Federal Chancellor
Ghana,Republic of Ghana,New Ghanaian cedi,Accra,Western Africa,Africa,Ghanaian,8.0,-2.0,126037.0,79857.1,227533.0,227830.0,5559.55,,21.8836,72838800000.0,31.2559,75.0451,11.3404,3.867,69.8307,86.3,5.86865,0.0,50.8659,38.8478,0.0,0.0,0.0261074,-8.1921,52.5431,40.25,19401.2,11847.9,6369.12,680.014,1.41563,3.9903,84.9784,0.9,0.57,6.6,16000.0,5000,0.492101,27.548,7.627,3.563,68.2,64.0,-11253,16780756,16695114,33475870,14.5455,13853989,19621881,3.76,6.63,Flawed democracy,16.6,Nana Akufo-Addo,President
Greece,Hellenic Republic,Euro,Athens,Southern Europe,Europe,Greek,39.0,22.0,58671.9,39018.0,128900.0,128796.0,2748.66,237.125,55.5636,219066000000.0,9.64526,32.1711,25.3409,12.162,24.4457,100.0,6.20248,42.6595,11.7672,17.5408,0.0,10.9278,16.8886,64.1755,82.5746,20.08,51002.2,9405.83,4423.25,5259.34,2.86727,9.50821,1675.12,4.2,0.07,5.1,147000.0,,3.86737,8.0,13.5,1.39,78.4943,80.0,-14806,5395279,5171252,10566531,21.0,2075584,8490947,2.69,7.29,Flawed democracy,41.1,Kyriakos Mitsotakis,Prime Minister
Grenada,Grenada,East Caribbean dollar,St. George's,Caribbean,Americas,Grenadian,12.11666666,-61.66666666,80.0,177.0,340.0,291.375,68.5197,,,1256410000.0,1.21951,,,,,93.7403,,,,,,,,,0.0,9.96,324.5,2046.86,7.63901,-264.848,4.12027,5.82064,491.082,3.57,,0.7,,,,15.961,8.151,2.004,77.7672,75.0,-85,62717,62721,125438,31.25,79192,46246,0.0,0.0,Unknown,27.1,Keith Mitchell,Prime Minister
Guatemala,Republic of Guatemala,Guatemalan quetzal,Guatemala City,Central America,Americas,Guatemalan,15.5,-90.25,38560.0,35278.0,107160.0,105527.0,2900.62,25.2099,13.2661,95003300000.0,6.88513,36.0912,11.613,2.569,33.4717,97.8657,2.56506,21.3601,35.0425,0.0,0.0,18.2492,25.3482,32.8442,37.3786,65.46,16865.2,10598.1,5199.3,-699.316,0.121005,6.46871,289.127,0.44,0.07,5.9,43000.0,242000,0.444568,21.12,6.504,2.395,50.8416,69.0,-29118,8767508,8590378,17357886,19.375,8216182,9141704,2.18,5.6,Hybrid regime,18.5,Alejandro Giammattei,President
Guinea,Republic of Guinea,Guinean franc,Conakry,Western Africa,Africa,Guinean,11.0,-10.0,145000.0,61890.0,245720.0,244206.0,1390.66,,9.43305,21227700000.0,10.493,92.6106,10.8418,5.749,91.2606,46.8139,,,,,,,,,,65.53,4537.9,16813.3,6822.44,1868.2,1.46906,4.04451,46.8419,0.3,0.49,7.0,13000.0,,1.48454,34.425,9.99,4.399,34.6801,59.0,-4367,7005320,6854020,13859341,29.6296,8638804,5220537,2.34,3.14,Authoritarian,13.9,Alpha Condé,President
Guinea-Bissau,Republic of Guinea-Bissau,West African CFA franc,Bissau,Western Africa,Africa,Guinea-Bissauan,12.0,-15.0,8151.1,19800.1,28120.0,33293.4,196.264,,14.6466,1633560000.0,9.39384,82.3292,9.46207,3.583,81.1754,35.7638,,,,,,,,,0.0,87.26,329.0,1261.12,765.861,111.294,1.24085,8.40979,61.4319,1.0,1.12,7.0,4000.0,,1.78264,31.087,8.716,4.005,35.155,60.0,-1395,1065706,1039860,2105566,13.7255,1157198,948368,2.53,1.98,Authoritarian,14.5,Umaro Sissoco Embaló,President
Guyana,Co-operative Republic of Guyana,Guyana dollar,Georgetown,South America,Americas,Guyanese,5.0,-59.0,12412.5,184153.0,196850.0,209904.0,165.726,,,15357500000.0,5.03286,31.4315,,12.358,25.9489,92.8982,,,,,,,,,0.0,11.97,2768.5,1846.6,567.141,-873.057,51.9874,5.50864,378.062,1.71,0.62,40.3,3000.0,,0.956516,20.298,9.987,2.397,84.7936,66.0,-4316,412743,395982,808726,35.3846,590192,218534,2.94,6.67,Flawed democracy,21.8,David A. Granger,President
Haiti,Republic of Haiti,Haitian gourde,Port-au-Prince,Caribbean,Americas,Haitian,19.0,-72.41666666,18400.0,3473.0,27560.0,25688.1,1326.1,,,20253600000.0,33.9839,76.8133,,14.836,76.1607,47.1803,0.0739734,0.0,7.99615,0.0,0.0,92.0039,0.0,22.0159,22.0159,76.31,3209.04,5203.62,1533.39,533.103,2.93592,3.22171,44.1798,0.71,0.38,9.6,1000.0,171000,0.188541,23.498,8.676,2.814,38.945,63.0,-32977,5846285,5738710,11584996,2.54237,4770701,6814295,2.7,4.91,Hybrid regime,19.3,Jovenel Moïse,President
Honduras,Republic of Honduras,Honduran lempira,Tegucigalpa,Central America,Americas,Honduran,15.0,-86.5,35110.0,63592.6,111890.0,110411.0,1576.93,,23.9056,31717700000.0,9.08964,49.9251,14.7654,7.099,40.1576,94.1316,3.32795,1.03737,26.1015,0.0,0.0,56.6871,16.174,52.9964,52.4793,50.09,8835.4,7741.12,3123.89,1159.72,0.587972,9.10416,253.918,0.64,0.08,2.1,23000.0,247000,1.60588,21.071,5.608,2.363,48.0835,70.0,-5779,5165506,5267354,10432860,27.3438,4214875,6217985,1.61,5.63,Hybrid regime,19.8,Juan Orlando Hernández,President
Hungary,Hungary,Hungarian forint,Budapest,Eastern Europe,Europe,Hungarian,47.0,20.0,49030.0,20530.1,91260.0,87565.2,3928.83,86.9139,42.5375,178789000000.0,14.6081,12.4582,21.4633,3.423,8.11848,100.0,18.4515,19.4714,0.771208,16.8348,52.1851,0.253774,9.81148,57.6667,69.5498,14.76,44769.3,6956.25,6484.47,-4678.9,0.0,7.25031,1163.25,7.01,,16.6,40000.0,,1.63607,9.7,16.1,1.59,88.6408,74.0,19870,5034412,4649092,9683505,14.0704,2657928,7025577,2.57,6.63,Flawed democracy,38.1,Viktor Orbán,Prime Minister
Iceland,Republic of Iceland,Iceland krona,Reykjavík,Northern Europe,Europe,Icelander,65.0,-18.0,18720.0,513.5,100830.0,88792.0,107.56,96.8655,35.0853,27841600000.0,8.30875,12.5312,21.6184,3.809,8.32042,100.0,37.5169,0.0,73.3071,0.0,0.0,0.0212777,26.6716,11.5576,11.2889,82.79,1446.6,515.165,368.659,-1573.88,6.32113,9.65297,6636.0,2.83,0.03,11.9,0.0,,,13.1,6.3,1.82,99.687,83.0,622,186151,195748,381900,47.619,22945,358955,5.32,9.58,Full democracy,32.1,Katrín Jakobsdóttir,Prime Minister
India,Republic of India,Indian rupee,New Delhi,Southern Asia,Asia,Indian,20.0,77.0,1790450.0,721600.0,2973190.0,2956470.0,171839.0,46.5225,15.6631,3385090000000.0,6.69903,76.12,12.0174,7.33,73.8121,99.5725,2.66772,75.3094,9.98204,4.9232,2.79064,1.6595,5.36101,34.3055,73.577,35.82,2200840.0,697655.0,279004.0,-333368.0,1.44686,2.95919,56.6287,0.53,0.05,12.7,3045000.0,631000,2.65779,16.419,9.448,2.031,46.31,67.0,-301970,685992675,731180498,1417173173,14.9446,908804812,508368361,1.71,7.23,Flawed democracy,23.9,Narendra Modi,Prime Minister
Indonesia,Republic of Indonesia,Indonesian rupiah,Jakarta,South-Eastern Asia,Asia,Indonesian,-5.0,120.0,623000.0,921332.0,1877520.0,1820840.0,67755.1,44.404,15.5092,1319100000000.0,4.20946,52.5971,9.09404,3.554,49.3511,99.21,0.83857,55.7765,5.87262,25.1701,0.0,8.39801,4.77853,-103.091,66.0895,22.01,563197.0,333995.0,75595.6,-32215.6,6.37355,3.41433,132.963,1.04,0.1,2.4,676000.0,72000,0.695926,16.425,10.065,2.175,62.1,68.0,-14992,136798063,138703277,275501339,21.913,115892393,159608946,2.13,6.39,Flawed democracy,25.6,Joko Widodo,President
Iran,Islamic Republic of Iran,Iranian rial,Tehran,Southern Asia,Asia,Iranian,32.0,53.0,470130.0,107519.0,1622500.0,1601050.0,16217.1,0.0,19.6374,388544000000.0,43.389,43.0009,7.35848,10.964,39.8641,100.0,0.908868,0.164628,5.02079,79.2665,1.6285,14.4256,0.0840956,-33.3953,99.0226,1.03,616561.0,174642.0,39719.8,-27100.0,0.759192,5.3358,573.404,1.56,0.03,5.2,650000.0,,2.29916,13.699,6.437,1.692,78.6,74.0,28080,43835978,44714592,88550570,5.59441,20537534,68013036,1.21,2.45,Authoritarian,28.4,Ali Khamenei,Supreme Leader
Iraq,Republic of Iraq,Iraqi dinar,Baghdad,Western Asia,Asia,Iraqi,33.0,44.0,92500.0,8250.0,434128.0,434270.0,6572.97,27.4382,27.6121,264182000000.0,4.99477,21.3587,1.34459,15.547,19.3373,100.0,0.330701,0.0,3.73175,24.4175,0.0,25.732,0.0,-229.39,95.9842,1.08,163512.0,85917.0,5439.69,14043.8,3.46738,5.0849,202.31,1.32,,3.6,341000.0,1169000,2.28296,27.367,4.753,3.496,48.9172,70.0,-60097,22205751,22290370,44496122,28.8754,12746359,31749763,1.49,4.06,Hybrid regime,16.0,Adil Abdul-Mahdi,Prime Minister
Ireland,Ireland,Euro,Dublin,Northern Europe,Europe,Irish,53.0,-8.0,45120.0,7820.2,68890.0,67698.2,1261.39,65.399,23.3852,529245000000.0,7.80738,13.7196,17.4769,4.362,10.29,100.0,4.80015,17.3458,2.87199,44.0122,0.0,1.44845,25.0934,85.6671,85.3428,13.69,33742.2,15252.8,9572.9,883.435,1.63532,6.72803,6700.18,2.97,0.07,9.6,9000.0,,0.264791,11.6,6.6,1.72,95.1696,82.0,15320,2565839,2521149,5086988,23.125,1822006,3264982,5.21,9.15,Full democracy,33.9,Leo Varadkar,Taoiseach
Israel,State of Israel,Israeli new shekel,Jerusalem,Western Asia,Asia,Israeli,31.5,34.75,6464.0,1400.0,21640.0,19195.2,2743.73,88.6032,38.37,522033000000.0,4.3936,12.256,24.6154,3.476,8.36578,100.0,5.24532,45.4037,0.037368,51.6131,0.0,0.652384,1.85283,64.9674,97.3821,5.61,58471.8,9801.47,2690.53,8969.48,1.60445,8.3195,3867.4,2.98,,5.3,178000.0,,5.17162,19.7,5.4,3.0,90.3,82.0,16856,4786984,4763616,9550600,23.3333,691177,8859423,2.54,7.79,Flawed democracy,25.1,Yair Lapid,Prime Minister
Italy,Italian Republic,Euro,Rome,Southern Europe,Europe,Italian,42.83333333,12.83333333,129990.0,95661.3,295717.0,277071.0,20916.7,77.4637,48.8883,2010430000000.0,8.20129,21.8554,25.4105,8.094,16.029,100.0,6.32722,16.1201,16.1733,39.3732,0.0,4.75348,22.5059,76.418,79.9485,18.69,281287.0,43888.7,15989.7,-9429.55,2.683,9.4543,3351.48,3.14,0.02,6.7,342000.0,,1.52273,6.8,12.0,1.25,74.8623,83.0,28021,30156052,28700795,58856847,32.25,16681796,42175051,3.13,7.71,Flawed democracy,43.2,Giorgia Meloni,Prime Minister
Jamaica,Jamaica,Jamaican dollar,Kingston,Caribbean,Americas,Jamaican,18.25,-77.5,4440.0,5968.9,10830.0,10006.2,1022.33,106.282,29.8296,17097800000.0,10.3496,39.8279,25.7095,6.049,36.4257,100.0,0.569708,0.0,3.12955,0.0,0.0,89.738,7.13246,82.0425,80.9713,11.43,5835.6,825.928,409.695,-926.575,7.32869,6.61175,325.721,1.72,0.5,2.4,6000.0,,1.41272,11.712,8.797,1.352,82.36,70.0,-5664,1424998,1402379,2827377,28.5714,1215546,1611831,7.03,7.02,Flawed democracy,27.3,Andrew Holness,Prime Minister
Japan,Japan,Japanese yen,Tokyo,Eastern Asia,Asia,Japanese,36.0,138.0,43720.0,249350.0,364500.0,316736.0,53452.1,217.614,21.7418,4231140000000.0,2.4977,9.8321,11.5908,2.641,8.1165,100.0,3.09202,33.1527,8.22909,39.5872,0.911553,7.51942,7.75569,93.0191,93.0265,8.45,1014060.0,25783.3,18498.4,-21412.0,11.5748,10.9043,4388.1,12.98,,15.3,261000.0,,1.07352,6.6,11.7,1.3,82.9141,84.0,87584,64314912,60810077,125124989,9.91379,10066305,115058684,2.66,7.99,Flawed democracy,44.7,Yoshihide Suga,Prime Minister
Jordan,Hashemite Kingdom of Jordan,Jordanian dinar,Amman,Western Asia,Asia,Jordanian,31.0,36.0,10290.0,975.0,88794.0,86673.4,2170.09,76.1761,28.2431,47451500000.0,4.22916,11.342,16.0253,17.874,8.53375,99.9,1.91773,0.0,0.278742,48.4433,0.0,50.589,0.688966,96.8123,97.6084,11.04,20974.1,6678.1,1225.86,4947.63,0.0385479,7.46914,298.645,1.47,,1.6,116000.0,,5.01896,21.95,3.868,2.83,82.7556,74.0,14374,5438953,5846915,11285869,12.3077,922394,10363475,1.81,3.93,Authoritarian,19.7,Abdullah II,King
Kazakhstan,Republic of Kazakhstan,Kazakh tenge,Astana,Central Asia,Asia,Kazakhstani,48.0,68.0,2140030.0,34546.8,2699700.0,2636600.0,6363.39,22.412,17.1165,220623000000.0,8.04232,22.0088,9.44711,5.008,20.6596,100.0,0.608888,71.5689,8.7059,18.3933,0.0,1.16373,0.168126,-116.89,99.1739,1.78,211897.0,69749.5,11597.5,-7609.54,0.0,3.78894,341.542,6.06,0.18,17.6,71000.0,120,0.866369,23.5,9.61,3.32,90.92,70.0,-18917,10179087,9442885,19621972,27.3585,8243190,11378782,1.48,2.94,Authoritarian,25.5,Qasym-Zhomart Toqaev,President
Kenya,Republic of Kenya,Kenyan shilling,Nairobi,Eastern Africa,Africa,Kenyan,1.0,38.0,276300.0,36110.9,569140.0,579896.0,3416.84,,20.7063,113420000000.0,7.65687,62.053,13.2649,5.502,60.5601,76.5424,2.23894,0.0,39.2395,0.0,0.0,12.4858,48.2748,17.1699,17.3796,72.5,19446.8,37602.5,20969.0,3975.08,0.210684,4.29191,83.3962,1.4,0.73,6.1,29000.0,30000,1.11911,27.685,8.056,3.335,28.7575,61.0,-52549,27249938,26777549,54027487,23.4286,38358435,15669052,2.41,5.11,Hybrid regime,15.4,Uhuru Kenyatta,President
Kiribati,Republic of Kiribati,Australian dollar,South Tarawa,Micronesia,Oceania,I-Kiribati,1.41666666,173.0,340.0,11.8,810.0,907.557,5.18751,,105.422,223353000.0,-1.81308,,27.3756,,,92.8336,,,,,,,,,0.0,42.8,56.9,23.21,5.12441,17.1825,13.3237,11.6418,166.618,1.86,,28.3,,,,27.207,6.236,3.304,53.627,67.0,-296,67289,63943,131232,6.66667,56354,74878,0.0,0.0,Unknown,18.0,Taneti Maamau,President
Korea,Republic of Korea,Korean won,Seoul,Eastern Asia,Asia,South Korean,37.0,127.5,16210.0,62870.0,97600.0,86793.4,12473.4,49.1571,30.6169,1665250000000.0,5.08789,23.8795,16.8037,2.788,19.1308,100.0,15.9628,43.0763,0.390732,22.3689,29.9989,2.27921,1.50393,81.4483,81.0285,3.63,569682.0,21990.1,10096.8,56606.2,1.56866,8.3641,3031.18,12.43,,28.6,613000.0,,2.77702,5.1,6.2,0.808,97.5713,84.0,43440,25854364,25773753,51628117,18.6441,9588890,42039227,3.14,8.0,Flawed democracy,39.9,Yoon Suk-yeol,President
Kuwait,State of Kuwait,Kuwaiti dinar,Kuwait City,Western Asia,Asia,Kuwaiti,29.5,45.75,1500.0,62.5,17820.0,16647.7,772.942,,34.5544,184558000000.0,3.42363,1.69139,1.49244,2.482,1.09695,100.0,0.0,0.0,0.0,36.4189,0.0,63.5811,0.0,-391.058,93.6899,0.1,92308.9,22640.6,946.958,1767.77,3.91301,6.30743,1532.56,2.04,,2.9,25000.0,,6.69062,10.41,2.906,2.11,99.7,79.0,-36843,1672926,2595948,4268873,6.25,0,4268873,2.31,3.85,Authoritarian,35.1,Sheikh Sabah Al-Ahmad Al-Jaber Al-Sabah,Emir
Kyrgyz Republic,Kyrgyz Republic,Kyrgyz som,Bishkek,Central Asia,Asia,Kirghiz,41.0,75.0,103678.0,13153.8,191800.0,186901.0,2136.34,59.641,24.7666,10930600000.0,13.9229,33.4479,17.4506,4.567,31.5899,99.6737,22.7126,13.2157,85.188,1.30468,0.0,0.291635,0.0,49.5447,75.4762,30.04,9080.1,4865.0,2016.2,2918.22,0.0,5.25934,63.6934,4.41,0.1,7.4,21000.0,4000,1.66921,22.4,5.8,2.89,77.9204,72.0,-16510,3462998,3340302,6803300,20.4545,4254716,2548584,2.61,5.11,Hybrid regime,19.8,Mukhammedkalyi Abylgaziev,Prime Minister
Lao PDR,Lao People's Democratic Republic,Lao kip,Vientiane,South-Eastern Asia,Asia,Laotian,18.0,105.0,20290.0,165955.0,230800.0,228354.0,542.173,,,15724400000.0,22.9562,78.0485,,2.633,77.5046,100.0,,,,,,,,,,50.01,19178.9,8011.31,3143.07,10918.7,0.0,2.69476,68.2919,1.5,0.11,5.4,129000.0,,0.189895,21.973,6.613,2.496,62.0,68.0,-10303,3734796,3794678,7529475,21.9512,4698995,2830480,1.21,2.37,Authoritarian,20.1,Bounnhang Vorachith,General Secretary of the Communist Party
Latvia,Republic of Latvia,Euro,Riga,Northern Europe,Europe,Latvian,57.0,25.0,19690.0,34107.9,62230.0,62761.7,676.268,,51.9619,41153900000.0,17.3103,13.3241,21.7669,6.429,8.27583,100.0,6.84385,0.0,33.6165,49.8102,0.0,0.0180734,16.5552,45.1601,56.7174,43.75,6928.3,1952.81,2353.8,-747.156,7.95544,7.44663,1313.35,5.49,0.29,20.1,6000.0,,2.28042,9.2,18.4,1.57,91.1796,73.0,-6815,1009778,873600,1883379,30.0,592511,1290868,4.0,7.38,Flawed democracy,39.8,Krišjānis Kariņš,Prime Minister
Lebanon,Lebanese Republic,Lebanese pound,Beirut,Western Asia,Asia,Lebanese,33.83333333,35.83333333,6696.7,1433.3,10230.0,8546.2,1871.97,128.641,6.29571,23131900000.0,154.756,38.8549,5.6848,12.635,29.7557,100.0,0.523449,0.0,2.60383,0.0,0.0,97.3962,0.0,97.8655,97.6211,6.71,21474.9,3459.01,846.614,8086.71,2.79064,7.95366,994.49,2.73,0.03,2.8,80000.0,50,3.03265,14.948,8.271,2.091,86.589,75.0,-115122,2827383,2662356,5489739,6.25,589488,4900251,2.41,4.63,Hybrid regime,24.6,Hassan Diab,Prime Minister
Lesotho,Kingdom of Lesotho,Lesotho loti,Maseru,Southern Africa,Africa,Mosotho,-29.5,28.5,26000.0,345.2,30360.0,30172.3,249.942,2.90222,38.7268,2553460000.0,8.2718,54.9118,32.3901,18.039,52.0954,50.3775,,,,,,,,,0.0,32.29,2311.9,998.828,537.863,2061.56,0.0,11.7843,107.099,1.3,4.76,72.4,2000.0,,1.28719,26.107,14.186,3.018,47.983,53.0,-1490,1168329,1137496,2305825,26.4463,1615392,690433,2.63,6.64,Flawed democracy,18.2,Tom Thabane,Prime Minister
Liberia,Republic of Liberia,U.S. dollar,Monrovia,Western Africa,Africa,Liberian,6.5,-9.5,19540.4,76174.4,96320.0,95557.6,652.556,20.318,,4001050000.0,23.5635,80.5154,12.4614,3.634,78.9296,29.8482,,,,,,,,,,92.94,1179.5,338.869,295.302,803.342,9.52125,9.49941,56.7061,0.8,,4.5,2000.0,23000,0.951295,31.287,8.838,4.089,33.6332,61.0,-11862,2661979,2640702,5302681,10.9589,2488813,2813868,2.48,5.35,Hybrid regime,14.2,George Weah,President
Libya,Socialist People's Libyan Arab Jamahiriya,Libyan dinar,Tripoli,Northern Africa,Africa,Libyan,25.0,17.0,153500.0,2170.0,1759540.0,1619020.0,2958.15,,,45752300000.0,2.60582,29.2568,,20.68,26.4948,70.2105,0.0,0.0,0.0,53.7003,0.0,46.2997,0.0,-102.964,99.1113,3.12,44467.0,24033.1,1797.65,2093.93,5.79539,6.05013,312.849,3.2,0.07,4.5,0.0,135000,15.4796,17.828,6.018,2.462,17.76,72.0,-696,3365279,3447062,6812341,16.4706,1273772,5538569,1.4,2.19,Authoritarian,22.6,Fayez al-Sarraj,Prime Minister
Liechtenstein,Principality of Liechtenstein,Swiss franc,Vaduz,Western Europe,Europe,Liechtensteiner,47.26666666,9.53333333,53.2,67.0,160.0,117.014,38.3559,,,7186430000.0,,,,,,100.0,,,,,,,,,,55.31,141.996,2.58826,0.870988,,0.0,,,,,,,,,9.6,6.9,1.53,95.5694,84.0,231,19825,19502,39327,28.0,33610,5717,3.82,0.0,Unknown,39.9,Hereditary Prince Alois,Regent
Lithuania,Republic of Lithuania,Euro,Vilnius,Northern Europe,Europe,Lithuanian,56.0,24.0,29428.0,22010.0,62620.0,62585.3,1185.85,48.9081,35.4051,70334300000.0,19.705,11.5744,21.3937,5.569,9.75281,100.0,3.80511,0.0,8.19634,46.4772,0.0,6.45843,31.2118,75.0447,67.9938,31.7,11693.8,2998.36,4614.14,-1825.26,1.14657,7.85176,1839.9,6.43,0.08,26.1,37000.0,,2.02173,8.3,17.0,1.34,86.9306,74.0,-11853,1502383,1330617,2833000,28.3688,893387,1939613,3.54,7.5,Flawed democracy,39.8,Gitanas Nausėda,President
Luxembourg,Grand Duchy of Luxembourg,Euro,Luxembourg,Western Europe,Europe,Luxembourger,49.75,6.16666666,1321.36,887.0,2574.46,2247.08,283.498,2.90135,39.4186,82274800000.0,6.33601,10.1324,26.1381,4.698,6.41925,100.0,3.7131,0.0,7.43802,62.6597,0.0,0.0,24.9437,96.3107,80.5623,20.79,7853.1,555.763,358.526,-1224.63,0.0,5.35418,7314.37,4.26,0.07,11.3,1000.0,,0.626881,10.5,7.0,1.38,98.66,83.0,6949,323237,327537,650774,33.3333,52836,597938,4.99,8.81,Full democracy,35.0,Xavier Bettel,Prime Minister
Madagascar,Republic of Madagascar,Malagasy ariary,Antananarivo,Eastern Africa,Africa,Malagasy,-20.0,47.0,408950.0,124298.0,581800.0,588613.0,1660.59,,10.5432,14955000000.0,8.16059,89.2849,10.2385,2.142,84.3329,35.1209,,,,,,,,,,83.63,2745.45,19021.9,7665.37,993.953,2.09909,3.87958,17.9457,0.2,0.35,5.5,22000.0,2800,0.770034,30.949,7.104,3.851,19.7302,64.0,-742,14775496,14836218,29611714,18.543,17801970,11809744,2.82,5.22,Hybrid regime,15.1,Andry Rajoelina,President
Malawi,Republic of Malawi,Malawi kwacha,Lilongwe,Eastern Africa,Africa,Malawian,-13.5,34.0,56500.0,22417.0,94280.0,93702.8,770.861,44.8933,16.8813,13164700000.0,20.954,61.3774,11.3816,5.614,59.9534,14.1884,,,,,,,,,,75.17,1640.0,4389.7,5054.86,174.402,0.0,5.434,32.9825,1.3,1.13,5.4,15000.0,,0.94897,32.859,6.983,3.917,24.4056,63.0,-1775,10480456,9924861,20405317,22.9167,16736441,3668876,2.66,5.49,Hybrid regime,13.1,Peter Mutharika,President
Malaysia,Malaysia,Malaysian ringgit,Kuala Lumpur,South-Eastern Asia,Asia,Malaysian,2.5,112.5,85710.0,191140.0,328550.0,318198.0,11417.6,63.4031,17.2914,406306000000.0,3.3787,24.4112,11.2402,3.73,20.9212,100.0,1.18069,42.2813,9.27506,46.6031,0.0,1.15838,0.682107,-5.50503,96.6282,5.84,245139.0,37175.6,9265.1,-29431.5,6.51857,4.12442,418.663,1.88,0.17,5.7,136000.0,,1.05799,15.24,6.034,1.803,96.7514,75.0,46165,16596389,17341833,33938221,13.5747,7393781,26544440,2.13,6.88,Flawed democracy,26.3,Muhyiddin Yassin,Prime Minister
Maldives,Republic of Maldives,Maldivian rufiyaa,Malé,Southern Asia,Asia,Maldivan,3.25,73.0,64.0,8.2,300.0,259.654,14.3545,46.1936,29.1971,6189870000.0,2.33314,20.4032,9.10067,4.883,17.2612,100.0,,,,,,,,,0.0,1.04,1454.0,137.665,9.21871,736.985,18.1547,11.3472,825.569,4.3,,2.7,5000.0,,,14.088,3.02,1.692,85.7606,80.0,1189,222471,301315,523787,4.5977,306227,217560,2.43,0.0,Unknown,27.2,Ibrahim Mohamed Solih,President
Mali,Republic of Mali,West African CFA franc,Bamako,Western Africa,Africa,Malian,17.0,-4.0,412010.0,132960.0,1220190.0,1251580.0,1505.02,,14.5011,18827200000.0,3.9256,81.3281,14.1645,2.762,80.7116,53.3802,,,,,,,,,,63.76,4150.7,23070.5,15086.9,3643.58,0.0,4.30812,35.4516,0.1,0.26,4.1,21000.0,380000,2.82195,41.643,9.274,5.956,34.49,59.0,-22236,11186771,11406819,22593590,28.5714,12327741,10265849,2.22,5.41,Hybrid regime,11.3,Ibrahim Boubacar Keïta,President
Malta,Republic of Malta,Euro,Valletta,Southern Europe,Europe,Maltese,35.83333333,14.58333333,103.8,4.6,320.0,150.897,173.523,69.8053,41.4371,17765300000.0,6.15376,15.7038,24.2326,2.813,11.2131,100.0,1.46656,0.0,0.0,0.0,0.0,92.3254,7.6746,98.3815,97.7885,9.18,1610.7,228.286,47.9722,-657.87,1.8419,10.8352,3135.41,4.49,,6.1,2000.0,,0.51366,8.5,8.0,1.14,87.4698,83.0,10408,250560,272857,523417,27.8481,26825,496592,2.63,8.21,Full democracy,35.3,Robert Abela,Prime Minister
Marshall Islands,Republic of the Marshall Islands,U.S. dollar,Majuro,Micronesia,Oceania,Marshallese,9.0,168.0,86.0,94.0,180.0,271.884,8.61805,41.7084,59.4623,279668000.0,,,17.161,,,99.7536,,,,,,,,,0.0,12.06,110.0,31.911,0.699535,,36.2622,13.008,731.098,2.7,,,,,,19.28,7.556,2.729,38.7012,65.0,-1901,20346,21223,41569,6.06061,8929,32640,0.0,0.0,Unknown,21.6,David Kabua,President
Mauritania,Islamic Republic of Mauritania,Mauritanian ouguiya,Nouakchott,Western Africa,Africa,Mauritanian,20.0,-12.0,396610.0,3128.0,1030700.0,1045550.0,373.539,,,10375500000.0,9.52527,56.9632,,11.109,53.0474,47.6958,,,,,,,,,,23.44,3847.1,6896.75,3273.34,275.655,19.5398,3.35573,59.0492,0.4,0.13,3.1,21000.0,,2.37816,33.194,7.44,4.398,58.7582,64.0,-1494,2414911,2321228,4736139,20.2614,2040187,2695952,2.47,3.82,Authoritarian,13.8,Mohamed Ould Ghazouani,President
Mauritius,Republic of Mauritius,Mauritian rupee,Port Louis,Eastern Africa,Africa,Mauritian,-20.28333333,57.55,860.0,387.7,2030.0,1523.76,475.804,57.9617,32.9597,12898300000.0,10.7738,18.8076,18.277,7.234,15.8346,99.6,0.804578,39.4394,4.07074,0.0,0.0,37.8378,18.652,84.5423,84.5424,9.41,3720.2,1973.73,221.869,1217.69,1.18691,6.65996,560.406,3.4,0.54,9.5,3000.0,,0.169558,10.3,10.5,1.41,67.58,74.0,-478,639989,622533,1262523,20.0,747287,515236,2.75,8.22,Full democracy,33.1,Pravind Jugnauth,Prime Minister
Mexico,United Mexican States,Mexican peso,Mexico City,Central America,Americas,Mexican,23.0,-102.0,971380.0,656921.0,1943950.0,1920990.0,28588.1,46.2927,21.6102,1414190000000.0,7.89628,31.5885,13.872,3.308,26.7016,100.0,3.51721,10.8659,9.90396,59.8612,3.72086,10.1489,5.49017,-4.66649,90.4262,12.33,383131.0,143481.0,43291.2,57197.3,0.630815,6.24215,538.575,0.98,0.13,5.3,328000.0,386000,0.680131,14.857,9.406,1.822,75.6265,70.0,-52649,65309171,62194954,127504125,50.0,23843271,103660854,1.67,6.19,Flawed democracy,25.4,Andrés Manuel López Obrador,President
Micronesia,Federated States of Micronesia,U.S. dollar,Palikir,Micronesia,Oceania,Micronesian,6.91666666,158.25,220.0,644.2,700.0,757.746,7.5193,25.4045,21.4106,427094000.0,5.40874,,6.42631,,,83.625,,,,,,,,,,2.03,107.5,52.6866,27.5497,,3.34315,11.56,424.839,3.2,,28.2,,,,20.777,6.211,2.711,40.4096,71.0,-635,56777,57387,114164,7.14286,87659,26505,0.0,0.0,Unknown,19.7,David W. Panuelo,President
Moldova,Republic of Moldova,Moldovan leu,Chișinău,Eastern Europe,Europe,Moldovan,47.0,29.0,22646.0,3865.0,32884.6,31803.7,1576.1,32.1188,29.9554,14420900000.0,28.7373,21.7129,18.3881,2.278,21.2525,100.0,0.767238,0.0,5.05664,94.4837,0.0,0.147759,0.311936,90.0111,88.688,23.66,8611.2,3287.2,993.183,11.2256,0.0,6.77933,306.649,5.66,0.3,14.7,6000.0,,0.411614,12.432,16.36,1.806,61.2878,69.0,-14278,1358183,1234294,2592477,40.5941,1473227,1119250,2.51,5.85,Hybrid regime,31.2,Ion Chicu,Prime Minister
Monaco,Principality of Monaco,Euro,Monaco,Western Europe,Europe,Monegasque,43.73333333,7.4,,0.0,2.027,0.0349545,2.77653,,,8596160000.0,,,,,,100.0,,,,,,,,,,,,,,,7.29873,1.67133,3085.44,13.8,,,,,,5.9,6.6,,86.0955,,206,18596,17872,36469,33.3333,0,36469,0.0,0.0,Unknown,50.5,Albert II,Sovereign Prince
Mongolia,Mongolia,Mongolian tugrik,Ulan Bator,Eastern Asia,Asia,Mongolian,46.0,105.0,1127000.0,141728.0,1557510.0,1549430.0,354.978,67.571,31.6966,16810900000.0,15.148,47.3092,16.9088,8.247,45.881,100.0,0.25941,92.7444,0.0,0.0,0.0,4.17196,3.08362,-168.093,93.1994,3.98,21184.7,18159.4,14245.9,-224.261,0.0,4.94451,199.816,8.0,0.01,17.9,18000.0,,0.655433,21.413,6.131,2.837,84.33,71.0,0,1712979,1685387,3398366,17.1053,1055872,2342494,2.65,6.5,Flawed democracy,22.9,Khaltmaagiin Battulga,President
Montenegro,Montenegro,Euro,Podgorica,Southern Europe,Europe,Montenegrin,42.5,19.3,2579.5,8270.0,13450.0,13146.8,294.649,,,6095980000.0,13.0403,21.0865,,15.402,13.4434,99.7984,12.9573,50.3497,49.6503,0.0,0.0,0.0,0.0,27.5691,64.6647,39.56,2527.2,783.237,150.663,,2.76105,11.4218,866.168,3.86,0.03,21.0,12000.0,,1.74295,11.4,14.8,1.75,82.2197,74.0,-101,316129,300030,616159,27.1605,196160,419999,2.39,5.74,Hybrid regime,34.4,Duško Marković,Prime Minister
Morocco,Kingdom of Morocco,Moroccan dirham,Rabat,Northern Africa,Africa,Moroccan,32.0,-5.0,303820.0,57424.9,446300.0,409516.0,4621.35,51.2263,25.4793,134182000000.0,6.65704,47.9136,19.549,10.494,45.6347,100.0,1.61676,55.5256,6.11616,18.767,0.0,7.17391,8.19273,90.7218,88.4689,10.92,66719.5,12029.8,8693.63,5825.54,1.16912,5.99316,187.404,1.0,0.02,7.2,246000.0,,4.18351,17.545,6.17,2.328,88.1303,74.0,-46242,18605603,18852368,37457971,24.0506,13261620,24196351,1.78,4.99,Hybrid regime,25.0,Mohammed VI,King
Mozambique,Republic of Mozambique,New Mozambican metical,Maputo,Eastern Africa,Africa,Mozambican,-18.25,35.0,414138.0,367438.0,786380.0,775002.0,2943.2,86.2442,23.8824,17851500000.0,10.2794,85.1327,23.312,3.906,82.5962,31.494,9.1702,0.0,86.4109,12.8258,0.0,0.76332,0.0,-54.6016,12.62,80.91,6945.5,16255.5,9599.74,680.829,1.31108,7.6194,34.2839,0.7,,13.6,11000.0,1030000,1.51119,36.598,8.793,4.644,17.3728,59.0,-9515,16793302,16176217,32969518,42.4,20379448,12590070,2.39,3.85,Authoritarian,13.0,Filipe Nyusi,President
Myanmar,Republic of the Union of Myanmar,Myanmar kyat,Naypyidaw,South-Eastern Asia,Asia,Burmese,22.0,98.0,130080.0,285439.0,652670.0,660980.0,5783.53,0.0,14.7407,59364400000.0,8.82507,66.3799,6.43927,1.48,64.0027,72.4668,3.12653,1.7846,58.8541,39.0169,0.0,0.344396,0.0,-32.9708,44.2899,59.75,33874.6,72110.0,22956.5,5188.22,3.35061,4.62412,72.1121,1.04,0.2,2.9,513000.0,1498000,3.33494,17.103,9.769,2.151,44.0217,66.0,-35382,27216740,26962566,54179306,15.2941,36965999,17213307,1.74,3.83,Authoritarian,25.3,Win Myint,President
Namibia,Republic of Namibia,Namibian dollar,Windhoek,Southern Africa,Africa,Namibian,-22.0,17.0,388100.0,66389.0,823290.0,827174.0,342.318,4.64019,37.9804,12607400000.0,6.08128,38.4655,27.9652,20.846,32.0358,55.2253,17.7853,0.455729,97.7865,0.0,0.0,1.75781,0.0,74.4417,66.7191,31.3,3952.8,5335.78,3921.07,708.17,0.112413,8.89626,379.54,2.7,2.91,9.7,16000.0,,3.00172,27.439,10.709,3.303,52.9735,59.0,-4301,1328449,1238563,2567012,44.2308,1181955,1385057,4.13,6.25,Flawed democracy,17.4,Hage Geingob,President
Nauru,Republic of Nauru,Australian dollar,Yaren,Micronesia,Oceania,Nauruan,-0.53333333,166.91666666,4.0,0.0,20.0,15.0595,6.98028,,103.596,150922000.0,-0.124751,,44.3468,,,100.0,,,,,,,,,,2.09,41.4,4.29139,0.400188,48.8753,7.44928,11.969,1143.74,5.0,,,,,,27.56,6.633,3.519,83.9352,64.0,-66,6233,6435,12668,10.5263,0,12668,0.0,0.0,Unknown,16.3,Lionel Aingimea,President
Nepal,Nepal,Nepalese rupee,Kathmandu,Southern Asia,Asia,Nepalese,28.0,84.0,41210.0,59620.3,143350.0,140133.0,3041.75,39.9223,19.4419,40828200000.0,4.08791,78.3305,17.4853,11.119,77.2548,89.9,5.24325,0.0,99.8002,0.0,0.0,0.0,0.199829,16.6771,15.4827,74.54,14949.2,23643.7,7177.76,1576.21,0.0,5.17352,58.3104,0.3,,9.0,112000.0,2,1.33699,20.402,7.776,2.029,51.6314,68.0,296541,15901334,14646246,30547580,33.0909,23994819,6552761,2.34,5.18,Hybrid regime,20.0,KP Sharma Oli,Prime Minister
Netherlands,Kingdom of the Netherlands,Euro,Amsterdam,Western Europe,Europe,Dutch,52.5,5.75,18144.5,3695.0,33670.0,26211.9,8322.49,54.2944,42.4528,991115000000.0,10.0012,15.6791,24.7812,3.538,12.2944,100.0,3.3738,38.6536,0.0844917,42.2795,3.50868,1.30008,12.3576,35.021,93.461,10.79,130315.0,15200.6,8336.91,-2379.28,43.8096,11.2113,6531.01,3.17,0.01,11.8,41000.0,,1.42245,10.2,9.8,1.62,92.053,81.0,57439,8904226,8798863,17703090,40.6667,1259398,16443692,9.06,8.89,Full democracy,37.9,Mark Rutte,Prime Minister
New Zealand,New Zealand,New Zealand dollar,Wellington,Australia and New Zealand,Oceania,New Zealander,-41.0,174.0,101540.0,98925.9,263310.0,270549.0,1970.29,50.9863,33.3996,247234000000.0,7.17222,20.0033,28.8432,3.253,13.5718,100.0,13.9876,4.25291,55.5028,15.5344,0.0,0.00226219,24.5787,19.4782,59.7492,28.61,31359.7,32241.9,14909.9,-646.202,2.22378,10.0286,4201.63,2.57,0.02,11.0,9000.0,,1.37098,11.48,6.83,1.64,95.9102,82.0,38220,2584111,2539990,5124100,50.4202,672077,4452023,7.27,9.26,Full democracy,32.8,Jacinda Ardern,Prime Minister
Nicaragua,Republic of Nicaragua,Nicaraguan gold cordoba,Managua,Central America,Americas,Nicaraguan,13.0,-85.0,50650.0,34075.3,120340.0,118298.0,992.829,,17.2549,15671600000.0,10.4674,43.0018,18.9048,5.565,37.7157,86.2915,3.34175,0.0,6.44245,0.0,0.0,49.9454,43.6121,40.8594,40.6954,52.13,4582.2,9584.81,3567.37,574.553,0.938936,8.62855,161.2,0.93,0.08,4.4,12000.0,77,0.603582,20.507,4.859,2.321,57.1469,74.0,-10384,3524605,3423787,6948392,51.6483,2810208,4138184,2.2,3.63,Authoritarian,20.9,Daniel Ortega,President
Niger,Republic of Niger,West African CFA franc,Niamey,Western Africa,Africa,Nigerien,16.0,8.0,465970.0,10797.0,1266700.0,1187980.0,1313.95,,10.1645,13969600000.0,4.22622,95.1024,11.7645,0.534,94.3169,18.6,0.0119184,41.6196,0.0,0.0,0.0,57.6271,0.753296,-5.80974,24.0604,81.91,2197.95,28579.4,13245.9,431.526,0.0,6.2007,35.0071,0.39,0.04,5.3,10000.0,372000,1.84167,45.293,8.141,6.82,22.3861,62.0,-4405,12914594,13293383,26207977,25.9036,21780401,4427576,2.67,3.76,Authoritarian,10.5,Mahamadou Issoufou,President
Nigeria,Federal Republic of Nigeria,Nigerian naira,Abuja,Western Africa,Africa,Nigerian,10.0,8.0,694500.0,216270.0,910770.0,882025.0,25189.9,,,477386000000.0,18.8472,80.5826,,5.761,78.6353,59.5,0.274464,0.0,18.1951,81.8049,0.0,0.0,0.0,-93.0272,18.8768,82.51,111978.0,151060.0,41196.3,38585.8,2.71775,3.38063,69.7618,0.5,0.34,3.5,223000.0,3646000,0.970249,37.117,13.083,5.237,55.3637,53.0,-76364,108093075,110448136,218541212,3.61111,101575770,116965442,2.14,4.44,Hybrid regime,13.2,Muhammadu Buhari,President
North Macedonia,Republic of North Macedonia,Macedonian denar,Skopje,Southern Europe,Europe,Macedonian,41.83333333,22.0,12620.0,10014.9,25220.0,23681.0,701.268,,33.7476,13563100000.0,14.2047,17.1216,17.611,15.081,13.4691,100.0,5.52938,58.3599,33.0322,3.24123,0.0,2.46192,2.90471,51.771,79.4259,20.26,6796.7,2369.77,546.643,-1436.73,0.0,7.88948,452.966,4.28,,9.4,16000.0,110,1.54104,10.2,15.5,1.6,83.0182,75.0,-486,1032057,1025621,2057679,41.6667,841220,1216459,2.47,5.87,Hybrid regime,34.5,Oliver Spasovski,President
Norway,Kingdom of Norway,Norwegian krone,Oslo,Northern Europe,Europe,Norwegian,62.0,10.0,9859.62,121800.0,364285.0,306188.0,2007.78,30.752,37.5408,579267000000.0,5.76412,4.4949,25.7469,3.171,3.64231,100.0,31.3179,0.104918,95.8255,1.80514,0.0,0.0201498,1.88435,-581.347,56.9516,61.29,36177.4,4342.76,3522.99,-3686.01,2.89411,10.0863,9020.63,3.53,0.01,11.8,23000.0,,1.84136,10.4,7.8,1.55,99.0,83.0,10604,2703524,2753603,5457127,44.9704,891476,4565651,10.0,9.87,Full democracy,35.6,Erna Solberg,Prime Minister
Oman,Sultanate of Oman,Omani rial,Muscat,Western Asia,Asia,Omani,21.0,57.0,14589.3,25.0,309500.0,309152.0,1500.49,,,114667000000.0,2.81184,3.48032,,2.327,2.44731,100.0,0.0,0.0,0.0,97.3655,0.0,2.63447,0.0,-206.195,99.9632,0.05,71041.5,19838.9,1031.91,-16105.8,5.06208,5.32572,844.617,1.47,0.05,4.9,47000.0,,7.34438,18.419,3.796,2.623,96.3801,73.0,-20664,1790804,2785494,4576298,2.32558,560597,4015701,1.8,3.04,Authoritarian,24.9,Haitham bin Tariq,Sultan and Prime Minister
Pakistan,Islamic Republic of Pakistan,Pakistani rupee,Islamabad,Southern Asia,Asia,Pakistani,30.0,70.0,367230.0,37259.0,770880.0,821721.0,39082.0,66.7525,15.497,376533000000.0,19.8739,55.6149,9.09687,6.416,54.2621,94.9229,4.03214,0.137109,30.6726,25.725,4.75754,37.225,0.757706,24.1232,61.5854,46.6,184111.0,169428.0,68971.8,10236.2,0.209824,2.9539,38.1771,0.63,,8.9,943000.0,21000,3.83327,27.519,7.168,3.47,21.0372,66.0,-471395,116863982,118960880,235824862,20.4678,146845783,88979079,1.71,4.17,Hybrid regime,16.5,Imran Khan,Prime Minister
Palau,Republic of Palau,U.S. dollar,Ngerulmud,Micronesia,Oceania,Palauan,7.5,134.5,43.0,414.1,460.0,480.966,4.8932,86.1318,60.6131,217800000.0,12.3527,,18.5899,,,100.0,,,,,,,,,0.0,0.88,158.2,19.5263,0.0,228.268,2.77509,18.3906,2640.1,4.8,,,,,,13.4,10.2,0.85,26.9703,69.0,3,8679,9376,18055,6.25,3258,14797,0.0,0.0,Unknown,31.7,Thomas Remengesau Jr.,President
Panama,Republic of Panama,Panamanian balboa,Panama City,Central America,Americas,Panamanian,9.0,-80.0,21741.0,42138.4,74180.0,73613.8,1070.98,,19.2598,76522500000.0,2.85748,43.9638,8.04618,8.789,41.7897,95.2511,8.85658,6.91531,60.7712,0.0,0.0,27.7584,4.55517,80.9045,80.7127,28.43,9582.7,5047.34,1253.66,170.237,3.26427,9.66292,1214.55,2.25,,2.9,28000.0,,0.974136,17.692,6.067,2.325,67.5097,76.0,5473,2204170,2204410,4408581,22.5352,1360444,3048137,2.63,7.05,Flawed democracy,25.1,Laurentino Cortizo,President
Papua New Guinea,The Independent State of Papua New Guinea,Papua New Guinea kina,Port Moresby,Melanesia,Oceania,Papua New Guinean,-6.0,147.0,11900.0,358558.0,452860.0,462122.0,415.398,48.6801,20.8959,30633400000.0,4.48359,78.0076,11.8792,2.753,75.3963,20.9166,,,,,,,,,,53.48,5491.5,10854.7,1704.48,-1266.99,4.76855,2.52694,63.9264,4.0242,0.43,3.0,4000.0,91000,0.375261,25.514,6.683,3.215,32.0542,65.0,10695,4910305,5232314,10142619,1.73913,8765048,1377571,3.17,6.03,Flawed democracy,18.0,James Marape,Prime Minister
Paraguay,Republic of Paraguay,Paraguayan guarani,Asunción,South America,Americas,Paraguayan,-23.0,-58.0,168091.0,161023.0,397300.0,396431.0,1320.83,,16.7401,41722300000.0,9.76557,45.2404,9.79425,6.886,40.9784,100.0,16.2964,0.0,99.9982,0.0,0.0,0.00179392,0.0,-36.9396,33.7033,61.44,7575.7,30106.5,11255.8,2541.53,0.0,7.57704,405.625,0.83,0.13,6.0,29000.0,,0.97396,20.627,7.638,2.469,77.0184,70.0,-8230,3378612,3402132,6780744,17.5,2521216,4259528,2.41,6.24,Flawed democracy,21.9,Mario Abdo Benítez,President
Peru,Republic of Peru,Peruvian new sol,Lima,South America,Americas,Peruvian,-10.0,-76.0,244783.0,723304.0,1280000.0,1281200.0,3457.87,35.6606,23.1134,242632000000.0,8.33371,55.3525,16.1102,3.661,52.5981,95.6,7.18232,0.839361,49.1409,45.027,0.0,1.40308,3.58956,-14.8996,79.5557,31.62,46578.9,31679.8,10200.5,-112.878,0.391035,6.30416,388.546,1.59,0.17,2.8,158000.0,73000,1.11516,17.622,7.988,2.192,71.1078,72.0,68012,17192503,16857086,34049588,40.0,7249838,26799750,2.59,6.6,Flawed democracy,24.4,Martín Vizcarra,President
Philippines,Republic of the Philippines,Philippine peso,Manila,South-Eastern Asia,Asia,Filipino,13.0,122.0,126750.0,71885.9,298170.0,282120.0,12151.5,43.4263,19.1392,404284000000.0,5.82116,36.675,14.13,2.238,34.1756,97.49,2.90636,44.5148,10.5141,22.9066,0.0,7.14208,14.8993,45.768,62.4349,29.06,133471.0,65722.0,14455.8,4267.34,5.93585,5.60675,193.79,0.99,0.19,2.2,155000.0,102000,1.03785,21.813,7.311,2.748,52.6757,69.0,-80125,56879731,58679278,115559009,27.3312,60117263,55441746,1.78,6.71,Flawed democracy,20.8,Rodrigo Duterte,President
Poland,Republic of Poland,Polish zloty,Warsaw,Eastern Europe,Europe,Polish,52.0,20.0,144610.0,94830.0,306130.0,293194.0,14773.8,60.4544,37.5378,688177000000.0,14.4295,19.7947,19.2053,2.602,15.844,100.0,1.14302,80.9062,1.11476,3.88643,0.0,1.28878,12.6876,28.5464,90.2914,16.14,279224.0,29540.4,22864.4,12110.3,1.05831,6.59315,1183.05,6.54,,11.3,189000.0,,2.12041,8.8,13.8,1.33,85.3749,76.0,-2968,19377247,18184352,37561599,28.2609,14974307,22587292,2.71,6.67,Flawed democracy,36.3,Mateusz Morawiecki,Prime Minister
Portugal,Portuguese Republic,Euro,Lisbon,Southern Europe,Europe,Portuguese,39.5,-8.0,38727.8,33120.0,91605.6,87685.7,4165.15,5.6574,42.8163,251945000000.0,7.83269,14.957,22.1405,5.781,9.90072,100.0,8.04425,28.7182,16.8873,20.5963,0.0,2.55845,30.639,76.8606,77.0241,31.21,38973.5,11383.2,3092.14,1697.16,0.806068,11.2108,2720.29,3.45,0.07,11.5,52000.0,,2.07276,7.7,12.1,1.38,82.309,81.0,27295,5481814,4897193,10379007,36.9565,3385528,6993479,6.19,7.84,Flawed democracy,41.4,António Costa,Prime Minister
Qatar,State of Qatar,Qatari riyal,Doha,Western Asia,Asia,Qatari,25.5,51.25,740.0,0.0,11490.0,10591.2,678.053,,,237296000000.0,4.99528,0.3774,,0.095,0.0496791,100.0,0.0,0.0,0.0,100.0,0.0,0.0,0.0,-398.991,99.995,0.06,87578.3,30708.4,602.919,-13100.1,5.86989,4.18304,2188.38,1.25,0.07,5.8,22000.0,,4.80681,9.816,1.311,1.801,100.0,79.0,-30801,740889,1954233,2695122,4.44444,18381,2676741,1.84,3.19,Authoritarian,29.6,Sheikh Tamim bin Hamad Al Thani,Emir
Romania,Romania,New Romanian leu,Bucharest,Eastern Europe,Europe,Romanian,46.0,25.0,135910.0,69290.5,230080.0,229906.0,5124.83,55.6512,36.9492,301262000000.0,13.7955,15.4803,14.9851,5.436,13.9253,100.0,14.5155,27.6387,25.2313,14.238,17.9074,0.719032,14.5156,16.7755,72.5237,24.06,68664.0,16459.0,9151.86,-5670.82,0.246959,6.27236,809.589,6.89,0.04,9.7,126000.0,,1.95392,9.3,17.5,1.8,83.5904,73.0,-12724,9787040,9169625,18956666,19.0909,8627368,10329298,3.05,6.38,Flawed democracy,37.4,Klaus Iohannis,President
Russia,Russian Federation,Russian ruble,Moscow,Eastern Europe,Europe,Russian,60.0,100.0,2154940.0,8153120.0,16376900.0,16224200.0,52887.0,20.9405,30.6537,2240420000000.0,6.69446,6.59666,11.6476,4.72,5.24737,100.0,8.15652,14.8217,15.7648,49.7126,17.0151,0.946958,0.0910266,-83.6705,92.1429,3.72,1618270.0,617227.0,69231.1,-102409.0,0.697416,7.59624,773.878,7.12,,25.1,1454000.0,7500,4.08007,9.6,16.7,1.493,88.2138,69.0,320617,76884903,66670833,143555736,16.2222,35708054,107847682,1.55,2.94,Authoritarian,35.0,Vladimir Putin,President
Rwanda,Republic of Rwanda,Rwandan franc,Kigali,Eastern Africa,Africa,Rwandan,-2.0,30.0,18117.0,2760.0,24670.0,22337.3,1506.23,48.429,21.533,13312800000.0,17.6892,66.3875,15.0766,13.009,66.3376,48.7004,,,,,,,,,,81.39,1382.0,2680.92,2006.21,-173.087,0.0,7.31562,57.4953,1.6,0.34,5.6,35000.0,,1.54532,29.976,6.28,3.821,30.4618,66.0,-6112,7035658,6741039,13776698,61.25,11335329,2441369,1.49,3.35,Authoritarian,15.2,Paul Kagame,President
Samoa,Samoa,Samoan tala,Apia,Polynesia,Oceania,Samoan,-13.58333333,-172.33333333,494.1,1616.7,2780.0,2817.36,46.6826,,35.0829,832422000.0,10.9619,30.7737,25.0245,10.313,28.0674,98.3,,,,,,,,,0.0,37.57,206.5,267.324,50.4944,130.061,1.38843,5.32614,202.434,1.0,,12.6,,,,27.254,5.343,3.93,78.2457,73.0,-882,109007,113375,222382,12.963,183207,39175,4.28,0.0,Unknown,16.7,Tuilaepa Aiono Sailele Malielegaoi,Prime Minister
San Marino,Republic of San Marino,Euro,City of San Marino,Southern Europe,Europe,Sammarinese,43.76666666,12.41666666,23.0,10.0,60.0,36.0005,22.0137,95.1201,44.0741,1855380000.0,1.04598,,17.296,,,100.0,,,,,,,,,,,,,,,0.0,8.69089,3937.66,3.8,,,,,,6.2,9.1,1.26,74.8623,,41,17281,16380,33660,33.3333,763,32897,0.0,0.0,Unknown,42.7,Alessandro Mancini,Captain Regent
São Tomé and Principe,Democratic Republic of São Tomé and Principe,São Tomé and Principe dobra,São Tomé,Middle Africa,Africa,Sao Tomean,1.0,7.0,440.0,519.0,960.0,994.166,10.2501,,,546680000.0,18.0056,61.6325,,15.318,59.4296,78.4511,,,,,,,,,0.0,40.75,141.1,11.5961,17.4342,73.815,1.55447,4.90671,106.924,2.9,0.05,1.5,1000.0,,,28.263,6.387,3.823,51.2041,68.0,-792,113972,113407,227380,14.5455,55128,172252,0.0,0.0,Unknown,14.6,Evaristo Carvalho,President
Saudi Arabia,Kingdom of Saudi Arabia,Saudi Arabian riyal,Riyadh,Western Asia,Asia,Saudi Arabian,25.0,45.0,1735960.0,9770.0,2149690.0,1908960.0,7756.63,,33.4353,1108150000000.0,2.47407,6.77709,8.23747,5.635,3.12241,100.0,4.028e-05,0.0,0.0,55.8037,0.0,20.4063,0.000295564,-191.524,99.928,0.06,513556.0,102631.0,8249.2,98710.6,2.52384,5.53687,1291.13,2.24,,6.0,252000.0,,6.59448,17.473,2.864,2.427,100.0,77.0,-153883,15429586,20979233,36408820,19.8675,5559991,30848829,1.19,1.93,Authoritarian,26.2,Salman,King
Senegal,Republic of Senegal,West African CFA franc,Dakar,Western Africa,Africa,Senegalese,14.0,-14.0,88780.0,80681.6,192530.0,194449.0,1566.4,,19.5545,27684400000.0,9.69682,66.5189,17.5194,3.434,64.6074,67.9753,0.609517,0.0,8.64728,4.17193,0.0,83.6157,1.76991,52.6925,53.9091,38.64,10680.2,11762.8,6023.25,2962.71,4.81548,5.15119,76.78,0.3,0.1,6.0,19000.0,8400,1.75791,32.573,5.922,4.387,58.0548,67.0,-10091,8800406,8516043,17316449,44.2424,8816497,8499952,3.03,6.15,Flawed democracy,14.0,Macky Sall,President
Serbia,Republic of Serbia,New Serbian dinar,Belgrade,Southern Europe,Europe,Serbian,44.0,21.0,35040.0,27226.5,87460.0,74452.6,2323.39,,39.5376,63501800000.0,11.9815,22.9365,20.6203,9.473,19.5309,100.0,5.65491,72.4298,26.8121,0.579864,0.0,0.074478,0.0930975,28.7815,83.8713,26.01,46324.3,11734.8,4373.7,,0.0,8.73162,672.327,5.61,0.02,11.4,32000.0,195000,2.0865,9.1,20.0,1.48,81.1659,73.0,243,3519916,3240171,6760087,36.5546,2915423,3844664,2.51,6.41,Flawed democracy,39.0,Ana Brnabić,Prime Minister
Seychelles,Republic of Seychelles,Seychelles rupee,Victoria,Eastern Africa,Africa,Seychellois,-4.58333333,55.66666666,15.5,337.0,460.0,475.174,13.3675,62.706,35.1546,1588410000.0,8.27686,,32.4802,,,100.0,,,,,,,,,0.0,1.75,598.7,94.6962,4.03916,80.3074,13.2625,6.38917,726.908,3.6,,8.1,0.0,,1.46861,16.8,9.3,2.46,81.5931,73.0,146,47382,52679,100060,22.8571,41629,58431,2.66,0.0,Unknown,28.8,Danny Faure,President
Sierra Leone,Republic of Sierra Leone,Sierra Leonean leone,Freetown,Western Africa,Africa,Sierra Leonean,8.5,-11.5,39490.0,25348.8,72180.0,71910.8,713.581,,,3970340000.0,27.2083,90.9712,,3.635,88.1025,27.494,,,,,,,,,,71.17,1048.0,3591.09,1129.53,-182.332,1.18717,8.75637,43.2068,0.4,0.5,6.7,9000.0,3000,0.609066,31.36,9.113,3.978,18.0,60.0,-1544,4293526,4312192,8605718,12.3288,4833746,3771972,2.58,4.66,Hybrid regime,15.1,Julius Maada Bio,President
Singapore,Republic of Singapore,Singapore dollar,Singapore,South-Eastern Asia,Asia,Singaporean,1.36666666,103.8,6.6,155.7,718.0,210.163,454.084,153.796,16.7741,466789000000.0,6.12106,12.5483,13.1247,2.758,8.47321,100.0,0.192789,1.19607,0.0,95.0293,0.0,0.698205,1.82089,97.682,90.5789,0.92,43705.0,4347.65,10311.5,2728.24,0.656567,6.05388,3537.0,2.49,0.01,11.2,59000.0,,2.97823,8.6,5.8,1.12,91.0994,83.0,19321,2689047,2947974,5637022,29.1262,0,5637022,1.52,6.38,Flawed democracy,38.3,Lee Hsien Loong,Prime Minister
Slovak Republic,Slovak Republic,Euro,Bratislava,Eastern Europe,Europe,Slovak,48.66666666,19.5,18830.0,19259.0,48080.0,46876.4,1805.39,79.2548,43.2122,115469000000.0,12.7741,14.803,19.2891,6.094,11.8716,100.0,27.4678,12.5113,14.5164,6.02283,56.8714,1.44187,8.16311,60.6511,64.0915,17.64,29035.8,4410.3,2031.69,-4627.24,0.0,7.23213,1393.62,5.7,0.02,12.1,16000.0,,1.70582,10.4,13.5,1.64,88.9256,75.0,1746,2777654,2654098,5431752,21.3333,2503549,2928203,3.32,7.1,Flawed democracy,36.0,,
Slovenia,Republic of Slovenia,Euro,Ljubljana,Southern Europe,Europe,Slovene,46.11666666,14.81666666,6104.9,12378.3,20136.4,19401.5,804.812,,43.1423,62117800000.0,8.8337,13.6159,18.2955,4.18,10.1838,100.0,28.2258,29.5944,25.7002,2.7266,38.1184,0.114733,3.69171,48.5431,61.1142,22.4,12477.3,1697.14,807.891,-402.601,1.26875,9.15498,2670.84,4.43,0.01,19.8,7000.0,,1.21808,9.0,11.0,1.64,89.004,81.0,4568,1048703,1060028,2108732,40.0,933093,1175639,3.51,7.5,Flawed democracy,39.5,Janez Janša,Prime Minister
Solomon Islands,Solomon Islands,Solomon Islands dollar,Honiara,Melanesia,Oceania,Solomon Islander,-8.0,159.0,1170.0,25229.7,27990.0,28414.5,37.8335,11.4639,29.957,1595710000.0,5.51813,63.8008,20.6681,1.543,62.8595,76.3475,,,,,,,,,0.0,49.08,223.3,416.003,23.2775,108.252,1.79786,4.43218,99.1282,1.4,,14.7,,1000,,29.785,5.028,3.983,36.132,70.0,-808,354373,369899,724273,8.0,538975,185298,0.0,0.0,Unknown,15.4,Manasseh Sogavare,Prime Minister
Somalia,Somali Democratic Republic,Somali shilling,Mogadishu,Eastern Africa,Africa,Somali,10.0,49.0,441250.0,59800.0,627340.0,635102.0,1451.27,,0.000266654,8126110000.0,,89.6089,7.87151e-05,20.047,88.4827,49.324,,,,,,,,,,95.37,660.4,18752.1,6548.95,-368.442,2.67832,,,0.87,,7.9,20000.0,3864000,1.52999,43.561,11.596,6.312,2.00405,55.0,-17071,8775069,8822442,17597511,19.708,9269665,8327846,1.37,0.0,Unknown,11.3,Hassan Ali Khayre,Prime Minister
South Africa,Republic of South Africa,South African rand,Pretoria,Southern Africa,Africa,South African,-29.0,24.0,963410.0,170501.0,1213090.0,1204430.0,15118.7,75.6173,34.25,405870000000.0,7.03973,16.5179,25.9158,29.806,10.4663,89.3,2.66495,92.7112,0.324638,0.0,5.5293,0.0741683,1.9304,-14.4836,86.7914,9.76,393242.0,72213.2,17993.0,49022.2,0.114057,8.5833,489.644,2.3,4.19,23.5,90000.0,,0.897253,19.821,11.432,2.374,72.3105,62.0,10934,30725879,29168006,59893885,46.5,18965399,40928486,3.52,7.24,Flawed democracy,23.3,Cyril Ramaphosa,President
South Sudan,Republic of South Sudan,South Sudanese Pound,Juba,Middle Africa,Africa,South Sudanese,7.0,30.0,282510.0,71570.0,631930.0,623625.0,666.355,,,11997800000.0,-6.68732,91.2784,,12.975,89.9343,7.74776,0.0245633,0.0,0.0,0.0,0.0,99.3939,0.606061,-1058.12,72.2226,33.22,1742.7,32385.9,21818.3,,0.0,5.25356,33.2344,,1.27,3.9,185000.0,1475000,2.36822,29.107,11.05,4.469,6.5,55.0,-31885,5508626,5404538,10913164,32.3636,8638206,2274958,1.71,0.0,Unknown,12.5,Salva Kiir Mayardit,President
Spain,Kingdom of Spain,Euro,Madrid,Southern Europe,Europe,Spanish,40.0,-4.0,261426.0,185722.0,499557.0,488926.0,15655.1,135.819,39.5232,1397510000000.0,8.39058,15.8911,15.225,13.009,11.1425,100.0,19.9754,18.9624,10.1299,18.8983,20.6187,6.20644,24.82,71.4327,72.9555,19.35,202706.0,39703.2,20960.4,4827.68,3.37222,10.7137,2900.65,2.97,0.08,7.7,199000.0,,1.37078,7.1,9.5,1.19,93.9,83.0,275022,24278328,23336706,47615034,42.9799,8902107,38712927,3.56,8.08,Full democracy,40.3,Pedro Sánchez,President
Sri Lanka,Democratic Socialist Republic of Sri Lanka,Sri Lankan rupee,Colombo,Southern Asia,Asia,Sri Lankan,7.0,81.0,28120.0,21130.2,61860.0,61386.1,3627.83,73.5127,17.4792,74403600000.0,49.7211,40.4525,7.37503,6.705,37.8501,100.0,3.43447,33.7051,45.2814,0.0,0.0,17.8198,3.19375,50.2685,50.5456,49.32,21846.3,8377.67,3157.2,4415.31,2.37043,4.06585,151.056,4.15,0.01,14.0,317000.0,12000,1.87554,14.019,7.36,1.99,66.6815,76.0,-92400,11498234,10682766,22181000,5.33333,17960843,4220157,1.97,6.19,Flawed democracy,28.8,Gotabaya Rajapaksa,President
St. Kitts and Nevis,St. Kitts and Nevis,East Caribbean dollar,Basseterre,Caribbean,Americas,Kittian and Nevisian,17.33333333,-62.75,60.0,110.0,260.0,253.87,11.7396,57.6023,26.7313,961563000.0,2.66739,,15.0322,,,100.0,,,,,,,,,0.0,1.38,231.0,82.0708,6.98647,46.9644,2.96153,5.36557,1104.94,2.3,,,,,,12.125,10.181,1.531,79.4731,72.0,-90,24646,23011,47657,31.25,32888,14769,0.0,0.0,Unknown,30.4,,
St. Lucia,St. Lucia,East Caribbean dollar,Castries,Caribbean,Americas,Saint Lucian,13.88333333,-60.96666666,99.4,207.7,610.0,544.616,72.5737,45.8575,17.6268,2065030000.0,6.37815,28.456,18.2415,17.362,23.9703,100.0,,,,,,,,,0.0,9.66,499.2,272.86,27.3773,-218.182,1.88663,6.73803,607.753,1.3,,7.9,,,,11.49,10.299,1.399,78.0956,71.0,0,90909,88948,179857,11.1111,145594,34263,0.0,0.0,Unknown,29.5,,
St. Vincent and the Grenadines,St. Vincent and the Grenadines,East Caribbean dollar,Kingstown,Caribbean,Americas,Saint Vincentian,13.25,-61.2,70.0,285.4,390.0,329.127,68.7626,53.6982,24.7316,948559000.0,5.6601,25.3259,23.7996,18.975,20.608,100.0,,,,,,,,,0.0,5.01,219.8,67.7762,9.93771,-92.4137,1.34755,4.81775,401.61,2.4,,1.0,,,,12.901,13.425,1.797,84.9128,70.0,-379,51020,52928,103948,18.1818,47946,56002,0.0,0.0,Unknown,29.1,,
Sudan,Republic of the Sudan,Sudanese pound,Khartoum,Northern Africa,Africa,Sudanese,15.0,30.0,694058.0,183596.0,1868000.0,1859900.0,3789.64,8.65873,9.72624,51662200000.0,138.808,52.2788,7.39027,18.73,47.5517,61.7677,4.36539,0.0,64.5359,0.0,0.0,22.6182,0.0,-8.99308,31.7265,62.13,20796.1,55887.4,29300.7,2266.35,0.416263,3.01748,23.3945,0.74,0.07,3.8,124000.0,3553000,1.01645,33.596,6.799,4.457,28.4,65.0,-15223,23454198,23420005,46874204,30.5164,30020115,16854089,1.08,2.15,Authoritarian,14.5,Abdel Fattah al-Burhan,Leader of the Sovereignty Council
Suriname,Republic of Suriname,Suriname dollar,Paramaribo,South America,Americas,Surinamer,4.0,-56.0,840.0,151963.0,156000.0,145003.0,261.395,,,3620660000.0,52.446,21.7737,,8.639,18.5524,98.8233,15.1876,0.0,60.0531,0.0,0.0,39.9469,0.0,-43.7598,76.2535,14.66,2601.32,1415.67,178.09,237.067,53.484,6.77188,459.563,3.0,0.71,25.4,2000.0,,,18.154,8.667,2.348,65.9398,70.0,-492,310416,307625,618040,29.4118,208236,409804,4.77,6.98,Flawed democracy,24.1,Dési Bouterse,President
Sweden,Kingdom of Sweden,Swedish krona,Stockholm,Northern Europe,Europe,Swedish,62.0,15.0,30055.4,279800.0,407284.0,411134.0,4064.23,40.6607,32.9924,585939000000.0,8.36929,10.5269,27.3368,7.358,7.03763,100.0,43.2411,0.666951,46.5087,0.262457,34.7364,0.155622,16.754,24.6521,25.1171,58.4,33576.1,4792.09,6381.07,-4904.42,3.39593,11.2799,6914.91,2.14,,14.7,15000.0,,1.27685,11.0,8.8,1.67,88.3078,83.0,80097,5201777,5285164,10486941,46.4183,1206837,9280104,9.41,9.39,Full democracy,35.6,Stefan Löfven,Prime Minister
Switzerland,Switzerland,Swiss franc,Bern,Western Europe,Europe,Swiss,47.0,8.0,15042.1,12691.1,39516.0,34763.6,4016.82,20.3046,19.3169,807706000000.0,2.83503,15.0137,10.2547,4.202,9.89874,100.0,39.8865,0.0,57.8816,1.00156,34.932,0.0680818,4.31638,50.089,50.1682,26.37,34916.1,4975.24,2396.71,1473.07,0.0,11.7964,10309.8,4.63,0.03,14.5,20000.0,,0.711643,10.3,8.2,1.52,95.57,84.0,23872,4414771,4354970,8769741,41.5,2272064,6497677,7.43,9.03,Full democracy,38.1,Simonetta Sommaruga,President
Syrian Arab Republic,Syrian Arab Republic,Syrian pound,Damascus,Western Asia,Asia,Syrian,35.0,38.0,139210.0,5220.8,183630.0,180423.0,5092.25,,,11159300000.0,36.7023,39.5933,,9.61,37.7407,88.8245,1.35083,0.0,2.30971,68.6259,0.0,29.0644,0.0,47.8337,97.7918,1.08,25234.6,15963.7,3263.59,-9394.7,0.313801,3.0472,63.137,1.4,,2.0,269000.0,6865000,4.05614,20.111,5.117,2.747,35.78,72.0,212187,11046621,11078628,22125249,11.2,9564966,12560283,1.09,1.43,Authoritarian,17.7,Bashar al-Assad,President
Tajikistan,Republic of Tajikistan,Tajik somoni,Dushanbe,Central Asia,Asia,Tadzhik,39.0,71.0,49160.0,4238.0,138790.0,134045.0,3745.36,79.8041,13.7474,10492100000.0,6.00458,26.4178,9.82102,7.828,23.182,99.5655,37.4819,1.52663,98.4734,0.0,0.0,0.0,0.0,36.2455,45.9841,38.75,9328.8,5520.88,2431.16,260.243,0.0,8.17698,69.6949,4.67,0.1,4.3,17000.0,,1.00921,26.749,4.548,3.186,21.96,72.0,-3564,4944055,5008732,9952787,26.9841,7169192,2783595,1.45,1.93,Authoritarian,17.7,Emomali Rahmon,President
Tanzania,United Republic of Tanzania,Tanzanian shilling,Dodoma,Eastern Africa,Africa,Tanzanian,-6.0,35.0,395212.0,457450.0,885800.0,880726.0,5282.87,,14.5749,75709300000.0,4.35027,84.9103,11.6951,2.762,81.922,42.7434,0.723885,0.0,33.4869,43.9079,0.0,21.938,0.667196,10.7281,14.3806,83.95,14435.5,46487.4,27293.2,1758.44,0.099507,3.7466,39.3088,0.7,0.96,4.3,28000.0,,1.06743,36.21,6.222,4.726,31.6331,66.0,-4865,33126817,32370931,65497748,36.8557,41471864,24025884,2.16,5.41,Hybrid regime,13.0,John Magufuli,President
Thailand,Kingdom of Thailand,Thai baht,Bangkok,South-Eastern Asia,Asia,Thai,15.0,100.0,230100.0,198730.0,510890.0,491892.0,19506.7,58.5592,24.4093,495341000000.0,6.07741,51.8282,14.3241,0.862,49.4768,100.0,1.10808,19.4543,2.66595,71.4368,0.0,0.570432,5.87252,41.5682,79.839,20.83,265479.0,75892.8,20931.8,28219.8,14.6506,4.35931,305.088,2.1,0.09,8.8,455000.0,41000,1.31844,8.999,7.922,1.331,85.27,79.0,1133,36890933,34806096,71697030,15.7464,33777188,37919842,1.77,4.63,Hybrid regime,35.8,Prayut Chan-o-cha,Prime Minister
The Bahamas,Commonwealth of The Bahamas,Bahamian dollar,Nassau,Caribbean,Americas,Bahamian,24.25,-76.0,140.0,5098.6,10010.0,12279.9,203.744,86.1872,25.7532,12897400000.0,5.60541,14.9199,13.9812,10.056,11.9964,100.0,,,,,,,,,0.0,1.27,2456.0,223.179,33.8196,-2144.25,4.03768,7.59363,1851.0,2.96,0.24,3.5,2000.0,,,11.445,8.986,1.389,94.2938,72.0,485,214167,195817,409984,17.9487,67680,342304,0.0,0.0,Unknown,28.9,Hubert Minnis,Prime Minister
The Gambia,Republic of The Gambia,Gambian dalasi,Banjul,Western Africa,Africa,Gambian,13.46666666,-16.56666666,6050.0,2426.7,10120.0,10197.8,338.749,,17.1601,2273060000.0,11.5131,74.3006,18.2048,4.78,72.5983,63.6974,,,,,,,,,0.0,48.74,611.4,1346.29,359.179,375.873,1.92958,2.61294,18.581,1.1,0.8,4.8,4000.0,5600,0.748651,33.257,7.543,4.684,32.9623,62.0,-1960,1359657,1346335,2705992,8.62069,978162,1727830,2.49,4.31,Hybrid regime,13.1,Adama Barrow,President
Timor-Leste,Democratic Republic of Timor-Leste,U.S. dollar,Dili,South-Eastern Asia,Asia,East Timorese,-8.83333333,125.91666666,3414.0,9211.0,14870.0,14909.7,74.4718,,41.2388,3163320000.0,0.958813,67.429,15.1034,4.864,66.5253,100.0,,,,,,,,,0.0,11.11,446.1,4794.9,273.821,204.313,1.06193,9.85141,120.87,5.9,0.1,3.7,2000.0,900,1.14158,24.944,7.233,3.149,39.4513,68.0,-1997,657338,683957,1341296,40.0,911089,430207,2.61,7.19,Flawed democracy,16.7,,
Togo,Republic of Togo,West African CFA franc,Lomé,Western Africa,Africa,Togolese,8.0,1.16666666,38200.0,12092.7,54390.0,56198.5,895.221,,13.3965,8126440000.0,7.96757,77.7351,13.5836,4.066,76.3091,55.7401,2.406,0.0,69.1358,0.0,0.0,24.6914,6.17284,19.9716,17.8006,76.62,2415.1,3039.88,1943.65,688.454,0.981712,5.96301,53.4998,0.7,0.38,8.8,10000.0,2300,1.78373,31.856,8.168,4.257,34.9841,62.0,-995,4400474,4448225,8848699,18.6813,4962262,3886437,2.63,3.1,Authoritarian,14.8,Faure Gnassingbé,President
Tonga,Kingdom of Tonga,Tongan pa'anga,Nuku'alofa,Polynesia,Oceania,Tongan,-20.0,-175.0,350.0,89.5,720.0,701.786,29.6473,49.4146,,469228000.0,10.9714,48.8095,,3.011,47.7676,100.0,,,,,,,,,0.0,2.06,118.1,92.3382,52.2687,-91.3753,11.3689,5.31754,248.04,2.6,,3.8,,,,23.045,6.97,3.237,71.5866,71.0,-948,54010,52848,106858,3.7037,82147,24711,3.08,0.0,Unknown,17.9,Pōhiva Tu'i'onetoa,Prime Minister
Trinidad and Tobago,Republic of Trinidad and Tobago,Trinidad and Tobago dollar,Port of Spain,Caribbean,Americas,Trinidadian,11.0,-61.0,540.0,2281.9,5130.0,4364.44,812.961,15.928,30.7891,27899100000.0,2.05923,23.7143,19.5188,3.982,18.497,100.0,0.0,0.0,0.0,99.767,0.0,0.23301,0.0,-102.663,99.9195,0.47,15420.0,6667.33,412.555,-13784.3,2.95534,7.31458,1030.71,3.02,,8.7,5000.0,,0.888016,11.687,9.131,1.626,79.0,73.0,2632,775955,755090,1531044,26.1905,714385,816659,3.16,7.16,Flawed democracy,31.9,Keith Rowley,Prime Minister
Tunisia,Republic of Tunisia,Tunisian dinar,Tunis,Northern Africa,Africa,Tunisian,34.0,9.0,97310.0,7027.3,155360.0,151133.0,2877.95,42.5198,33.7641,46664900000.0,8.30646,21.4462,20.1155,16.124,16.1848,99.9,0.797658,0.0,0.350681,91.4414,0.0,4.63509,2.48526,36.1959,88.8704,12.88,29293.0,6653.82,3298.03,704.035,7.95927,6.34365,221.685,2.18,0.04,3.3,48000.0,,2.82898,16.093,7.884,2.086,78.9897,74.0,-9189,6257745,6098372,12356117,26.2673,3680393,8675724,2.64,6.41,Flawed democracy,28.0,Kaïs Saïed,President
Turkey,Republic of Turkey,New Turkish lira,Ankara,Western Asia,Asia,Turkish,39.0,35.0,377620.0,222204.0,769630.0,754925.0,15460.7,42.7269,30.9718,905988000000.0,72.3088,29.3835,17.8818,10.03,24.9306,100.0,6.6543,29.0951,25.6495,37.9012,0.0,0.849559,6.30713,75.2079,86.8432,13.72,407406.0,50444.8,38132.1,13047.3,2.05455,4.61794,395.24,2.85,,2.4,512000.0,1099000,2.0639,14.678,6.398,1.889,81.41,76.0,-69729,42578812,42762429,85341241,17.354,19609710,65731531,1.48,4.37,Hybrid regime,27.3,Recep Tayyip Erdoğan,President
Turkmenistan,Turkmenistan,New Turkmen manat,Ashgabat,Central Asia,Asia,Turkmen,40.0,60.0,338380.0,41270.0,469930.0,463258.0,2004.62,,,45610600000.0,,29.2725,,5.019,26.0688,100.0,0.0,0.0,0.0,100.0,0.0,0.0,0.0,-191.511,,0.06,63655.0,124819.0,5327.15,-6869.22,0.0,5.68487,483.74,4.03,,5.7,42000.0,4000,2.90187,21.592,6.585,2.667,21.251,69.0,-4503,3244911,3185860,6430770,25.8621,2990694,3440076,0.92,1.72,Authoritarian,22.0,Gurbanguly Berdimuhamedow,President
Tuvalu,Tuvalu,Australian dollar,Funafuti,Polynesia,Oceania,Tuvaluan,-8.0,178.0,18.0,10.0,30.0,39.0978,0.0,,,60349400.0,0.500581,,,,,99.6824,,,,,,,,,,6.68,6.6,11.5745,1.44319,9.38116,0.0,21.5392,1071.31,5.6,,,,,,23.484,10.159,3.163,71.5866,65.0,-15,5513,5799,11312,6.25,3900,7412,0.0,0.0,Unknown,21.0,Kausea Natano,Prime Minister
Uganda,Republic of Uganda,Ugandan shilling,Kampala,Eastern Africa,Africa,Ugandan,1.0,32.0,144150.0,23379.0,200520.0,201995.0,3854.12,51.3027,15.5884,45559200000.0,7.19579,78.1014,12.4589,4.28,74.0684,45.2203,,,,,,,,,,93.03,5674.6,21178.7,12404.2,680.507,0.0,3.96207,33.9014,0.5,1.3,4.6,46000.0,4800,2.42385,36.795,5.877,4.585,10.3424,63.0,43465,23848253,23401332,47249585,33.813,34889566,12360019,1.98,5.2,Hybrid regime,12.2,Yoweri Museveni,President
Ukraine,Ukraine,Ukrainian hryvnia,Kiev,Eastern Europe,Europe,Ukrainian,49.0,32.0,413110.0,96900.0,579400.0,569710.0,16271.3,58.7162,33.2616,160503000000.0,20.1836,14.7244,19.0823,9.83,13.9286,100.0,22.5309,34.5782,3.32926,6.23165,48.5721,0.460187,1.05238,27.2085,75.3495,8.72,165664.0,32317.9,28400.5,-31170.1,0.752524,7.61658,269.729,7.46,0.15,21.6,311000.0,5914000,3.22835,7.3,18.5,1.16,79.2183,70.0,831,20550751,17449249,38000000,20.331,11430780,26569220,2.41,5.69,Hybrid regime,38.9,Volodymyr Zelensky,President
United Arab Emirates,United Arab Emirates,U.A.E. dirham,Abu Dhabi,Western Asia,Asia,Emirati,24.0,54.0,3898.0,3173.0,71020.0,77233.3,2263.1,1.84569,4.33841,507535000000.0,4.82789,5.14522,0.535446,2.754,1.6715,100.0,0.0969071,0.0,0.0,98.5255,0.0,1.24209,0.232401,-183.844,86.1283,0.92,188089.0,56944.7,1829.64,-16708.7,25.5033,5.67227,2191.81,1.38,,6.4,63000.0,,5.64365,10.307,1.874,1.46,100.0,79.0,-2762,2893385,6547744,9441129,50.0,1176081,8265048,1.79,2.76,Authoritarian,29.3,Sheikh Khalifa bin Zayed Al Nahyan,President
United Kingdom,United Kingdom of Great Britain and Northern Ireland,Pound sterling,London,Northern Europe,Europe,British,54.0,-2.0,172593.0,31900.0,241930.0,218903.0,22676.0,186.482,43.9617,3070670000000.0,7.92205,14.3138,26.3807,3.571,12.3356,100.0,13.1204,22.8065,1.86975,29.7402,20.9139,0.63415,22.9703,34.63,80.3518,13.5,308650.0,50415.7,27696.7,27049.7,2.07612,11.9391,5634.18,2.46,,7.9,149000.0,,2.22323,10.1,9.7,1.56,96.6802,81.0,202027,33876563,33094847,66971411,34.5679,10448880,56522531,3.52,8.53,Full democracy,35.9,Rishi Sunak,Prime Minister
United States,United States of America,U.S. dollar,"Washington, D.C.",Northern America,Americas,American,38.0,-97.0,4058100.0,3097950.0,9147420.0,8903100.0,186573.0,120.374,31.3541,25462700000000.0,8.0028,6.60496,11.2336,3.611,4.27641,100.0,11.8743,34.2327,5.84164,31.9422,19.3238,0.903807,7.38695,7.30874,82.4278,11.16,4320530.0,748241.0,258002.0,37873.4,1.47679,18.8158,11702.4,2.87,0.11,16.1,1388000.0,,3.48322,11.0,10.4,1.664,91.7532,76.0,561580,168266219,165021339,333287557,28.7037,56378923,276908634,3.04,7.96,Flawed democracy,33.9,Joe Biden,President
Uruguay,Oriental Republic of Uruguay,Uruguayan peso,Montevideo,South America,Americas,Uruguayan,-33.0,-56.0,140634.0,20310.0,175020.0,173707.0,1017.87,60.2804,34.6213,71177100000.0,9.10438,28.8311,18.5155,7.841,25.5098,100.0,14.7507,0.0,60.1601,0.0,0.0,11.441,28.3988,44.4335,46.2703,61.09,6514.3,20393.6,7967.68,861.987,1.90377,9.15207,1429.51,2.43,0.27,21.2,22000.0,,2.25631,10.473,12.162,1.493,90.0738,75.0,-1486,1764421,1658372,3422794,25.2525,147591,3275203,4.87,8.38,Full democracy,31.5,Luis Lacalle Pou,President
Uzbekistan,Republic of Uzbekistan,Uzbek som,Tashkent,Central Asia,Asia,Uzbekistani,41.0,64.0,256825.0,36896.6,440650.0,412602.0,15432.2,,21.0123,80391900000.0,11.4466,46.3817,14.7859,6.006,34.0585,99.9,1.91707,4.0852,20.6529,75.0052,0.0,0.256634,0.0,-26.1649,97.7385,1.03,115578.0,53601.9,16989.3,-867.338,0.0,6.74741,120.504,3.98,0.11,8.0,68000.0,3400,3.55548,25.9,5.0,3.173,76.5904,71.0,-39201,17809564,17838536,35648100,33.3333,17657930,17990170,1.46,2.01,Authoritarian,22.7,Shavkat Mirziyoyev,President
Vanuatu,Republic of Vanuatu,Vanuatu vatu,Port Vila,Melanesia,Oceania,Ni-Vanuatu,-16.0,167.0,1870.0,4423.0,12190.0,12337.6,27.9429,27.3032,34.0396,983583000.0,2.34328,67.3031,14.0403,2.089,66.7706,70.0428,,,,,,,,,0.0,22.73,121.3,374.328,86.2794,52.2944,1.79173,3.96995,114.23,1.7,,18.0,,,,29.438,5.395,3.735,66.3357,70.0,-197,162433,164308,326740,1.92308,242389,84351,0.0,0.0,Unknown,15.6,Charlot Salwai,Prime Minister
Venezuela,República Bolivariana de Venezuela,Venezuelan bolivar fuerte,Caracas,South America,Americas,Venezuelan,8.0,-66.0,215000.0,462309.0,882050.0,899029.0,6248.97,,,482359000000.0,254.949,41.7164,,5.328,39.9646,99.9877,8.24706,0.0,63.695,19.4192,0.0,16.8858,0.0,-178.775,88.378,23.33,72509.0,97594.2,13097.2,-5114.26,3.24682,3.81606,142.459,0.87,,2.1,343000.0,,0.17923,15.877,8.124,2.211,61.6,71.0,-525116,14304904,13996791,28301696,22.1557,3289223,25012473,1.59,3.16,Authoritarian,24.2,Nicolás Maduro,President
Vietnam,Socialist Republic of Vietnam,Vietnamese dong,Hanoi,South-Eastern Asia,Asia,Vietnamese,16.16666666,107.83333333,123600.0,146431.0,313429.0,297627.0,28615.4,,,408802000000.0,3.15651,53.6558,,1.923,51.6765,100.0,6.9372,29.5714,36.614,33.2105,0.0,0.486029,0.118082,-15.1059,69.8218,19.11,355323.0,79619.2,26832.5,22687.9,22.5048,4.68067,166.232,2.6,0.06,7.5,522000.0,,2.28457,15.008,7.317,1.944,74.21,74.0,-992,49685569,48501287,98186856,30.2605,60123739,38063117,1.04,3.08,Authoritarian,28.4,Nguyễn Phú Trọng,General Secretary of the Communist Party
West Bank and Gaza,West Bank and Gaza,Israeli new shekel,Ramallah,Western Asia,Asia,Palestinian,31.9,35.2,4449.0,101.4,6020.0,4390.87,1629.72,,26.1665,19111900000.0,1.23748,27.0994,21.4746,25.724,21.4379,100.0,,,,,,,,,,14.73,,,,,0.19212,,,1.2,,,0.0,12000,,28.236,3.815,3.504,74.6,73.0,-12369,2527169,2516444,5043612,,1145354,3898258,1.75,4.39,Hybrid regime,15.4,,
Yemen,Republic of Yemen,Yemeni rial,Sana'a,Western Asia,Asia,Yemeni,15.0,48.0,234520.0,5490.0,527970.0,452881.0,1795.36,,,21606200000.0,8.10473,56.801,,13.59,50.6187,74.8772,0.0,0.0,0.0,39.8047,0.0,60.1953,0.0,-120.63,98.4885,3.53,9960.1,10542.2,3364.86,-14418.0,1.00996,4.25286,63.3002,0.71,0.04,5.8,40000.0,4523000,3.96689,30.544,6.845,3.795,26.7184,64.0,-101468,16673411,17023203,33696614,0.0,20491585,13205029,1.27,1.95,Authoritarian,14.8,Abdrabbuh Mansur Hadi,President
Zambia,Republic of Zambia,New Zambian kwacha,Lusaka,Eastern Africa,Africa,Zambian,-15.0,30.0,238360.0,448140.0,743390.0,740140.0,2079.14,71.246,25.0789,29784500000.0,10.9932,76.7409,16.7416,6.131,76.4626,46.6851,9.67483,0.0,96.9938,0.0,0.0,3.00618,0.0,8.29294,10.5633,81.84,7607.1,15448.8,12363.5,1849.42,0.0,5.61788,53.7537,2.0,2.17,7.3,16000.0,,1.30477,34.511,6.973,4.308,21.2315,61.0,9015,10140033,9877642,20017675,15.0602,10857387,9160288,2.15,5.61,Hybrid regime,13.2,Edgar Lungu,President
Zimbabwe,Republic of Zimbabwe,U.S. dollar,Harare,Eastern Africa,Africa,Zimbabwean,-20.0,30.0,162000.0,174446.0,386850.0,386236.0,2024.49,,10.9773,20678100000.0,104.705,68.0366,7.21477,7.945,67.7323,48.9799,3.29584,46.7813,51.3956,0.0,0.0,0.494387,1.32866,15.309,29.0958,84.36,8312.5,12060.8,4690.85,1587.37,0.0,3.42558,50.6765,1.7,1.51,14.1,51000.0,,0.0135301,30.537,9.057,3.491,34.814,59.0,-25005,8614935,7705601,16320537,30.566,11033499,5287038,1.85,3.16,Authoritarian,14.2,Emmerson Mnangagwa,President
