"employees","twitter_creation_date"
"5","1154488028000"
"6","1162095732000"
"6","1162866379000"
"15","1164733778000"
"402","1172820765000"
"33","1172966066000"
"6","1173437087000"
"6","1173629503000"
"6","1174559910000"
"6","1175159882000"
"2","1175506857000"
"51","1176119117000"
"2","1176129149000"
"4","1176366611000"
"6","1176570219000"
"243","1177142225000"
"2","1177995101000"
"51","1178528074000"
"6","1179117255000"
"183","1180729861000"
"11","1182067563000"
"407","1182236547000"
"68","1182405610000"
"68","1183494864000"
"35","1184288523000"
"8","1184574073000"
"4","1185583496000"
"1","1188802715000"
"19","1188845264000"
"3","1188867084000"
"89","1191772439000"
"70","1192818197000"
"2","1193277921000"
"6","1193986694000"
"3","1194649684000"
"1","1195336028000"
"4","1195689301000"
"14","1195817319000"
"746","1196150907000"
"3","1196746596000"
"7","1196763336000"
"4","1197157028000"
"4","1198067027000"
"6","1198367084000"
"2","1198947555000"
"13","1199314303000"
"6","1199887175000"
"6","1199953143000"
"5","1201234414000"
"6","1201501121000"
"3","1201968215000"
"6","1203017364000"
"6","1203048223000"
"4","1203345317000"
"6","1203390532000"
"1","1203513659000"
"4","1205918143000"
"8","1205984733000"
"13","1206442796000"
"6","1206504898000"
"48","1206801464000"
"39","1207033454000"
"3","1207098432000"
"17","1207301065000"
"4","1207691920000"
"29","1207918847000"
"19","1207967489000"
"258574","1208205920000"
"20","1208326991000"
"6","1208379604000"
"3","1208550500000"
"2","1208609810000"
"2","1208622200000"
"335186","1208791252000"
"1","1208844919000"
"55","1209105515000"
"6","1209230058000"
"3","1209288243000"
"1305","1209369335000"
"2837","1209458055000"
"3","1209583773000"
"2","1209700765000"
"699","1209816784000"
"15","1209876281000"
"29","1209884463000"
"2","1209960798000"
"6","1210003682000"
"2","1210069542000"
"1","1210368055000"
"4","1210561677000"
"22","1210838624000"
"33","1211255162000"
"6","1211293672000"
"7","1211362125000"
"6","1211363162000"
"678","1211569511000"
"5","1211616467000"
"6","1211737379000"
"14","1211807240000"
"34","1211878852000"
"3","1211959757000"
"6","1211994381000"
"28","1212659384000"
"169","1212828520000"
"2","1212856906000"
"6","1212888457000"
"2","1213099726000"
"6","1213623649000"
"14","1213824092000"
"162","1213921837000"
"1","1214330493000"
"2","1214335186000"
"1","1214643093000"
"2","1214775623000"
"12","1215141905000"
"13","1215145586000"
"15","1215149021000"
"8","1215149048000"
"553","1215212165000"
"2","1215255223000"
"2","1215345139000"
"87","1215363658000"
"900","1215400214000"
"5","1215435599000"
"9","1215750782000"
"1","1216035662000"
"6","1216035948000"
"2","1216196004000"
"10","1216198281000"
"6","1216247346000"
"37","1216274404000"
"1","1216449098000"
"43","1216492663000"
"24","1216659025000"
"16","1216760343000"
"205","1216967671000"
"8","1216992245000"
"3","1217094500000"
"12","1217291141000"
"146","1217394176000"
"4","1217623117000"
"2","1218374262000"
"13","1218425238000"
"39","1218537876000"
"6","1218564672000"
"1109","1218622484000"
"12","1218925346000"
"2","1219074552000"
"561","1219210416000"
"210966","1219495326000"
"19","1219535609000"
"2320","1219752302000"
"1","1219989537000"
"107","1220086289000"
"3","1220181880000"
"23","1220334431000"
"3","1220764415000"
"6","1220849960000"
"9","1220951742000"
"3","1221066084000"
"25","1221216452000"
"2","1221430857000"
"8608","1221683132000"
"6","1221751355000"
"361","1221790271000"
"489","1222071040000"
"23","1222284802000"
"10","1222386531000"
"2","1222406022000"
"22","1222428466000"
"17","1222483001000"
"8","1222701220000"
"11","1222855019000"
"52","1222965843000"
"41","1223049762000"
"24","1223061111000"
"760","1223066873000"
"5","1223352533000"
"5","1223371982000"
"23","1223442196000"
"2","1223458914000"
"14","1223802746000"
"6","1223995425000"
"4","1224138721000"
"26","1224236456000"
"27","1224358703000"
"6","1224653040000"
"6","1224668128000"
"6","1224758529000"
"28","1225043746000"
"11","1225106041000"
"98","1225305075000"
"9","1225369302000"
"5","1225426423000"
"20","1225448097000"
"189","1225517552000"
"6","1225662860000"
"43","1225689181000"
"36","1225706283000"
